customer_id,age,gender,region,education_level,employment_type,annual_income,loan_amount,loan_purpose,credit_score,repayment_history,transaction_count,spending_ratio,join_date,default_flag,gender_encoded
C1000,59.0,Other,South,Secondary,Unemployed,744030.94,317948.42,Other,664.5224752,2,150,80.45,2019-04-02,0,2
C1001,49.0,Male,South,Secondary,Self-Employed,1203457.09,550580.94,Car,845.4590272,5,35,33.45,2018-04-13,1,1
C1002,35.0,Female,South,Secondary,Salaried,488693.29,127668.66,Education,577.0954632,3,123,80.98,2021-01-31,0,0
C1003,28.0,Male,East,Graduate,Salaried,638431.4485222222,358062.0,Education,680.0745158817778,1,98,90.53,2020-09-30,1,1
C1004,41.0,Male,West,Secondary,Salaried,343915.13,249095.35,Education,588.5132104,7,34,45.18,2020-07-03,0,1
C1005,40.31739130434783,Female,East,Post-Graduate,Salaried,530145.59,144143.86,Business,640.0686486114522,6,59,59.74,2019-07-26,1,0
C1006,39.0,Other,West,Graduate,Self-Employed,293491.35,138132.75,Other,604.479308,2,109,69.37,2019-02-24,0,2
C1007,43.0,Female,South,Graduate,Unemployed,743263.7,554866.68,Home,640.0686486114522,5,45,25.96,2024-02-12,0,0
C1008,31.0,Female,North,Secondary,Salaried,720398.46,496052.4,Home,596.6318768,2,78,57.06,2018-12-23,0,0
C1009,31.0,Female,South,Graduate,Salaried,593198.06,303599.2,Education,687.4558448,1,81,47.04,2024-08-15,0,0
C1010,44.0,Male,West,Graduate,Salaried,483725.32,320682.25,Other,679.6980256,6,89,85.43,2022-09-25,1,1
C1011,56.0,Male,East,Post-Graduate,Salaried,702850.9,360995.65,Car,596.228072,0,108,85.75,2018-05-11,0,1
C1012,44.0,Female,South,Post-Graduate,Salaried,755595.93,222791.54,Home,672.4476744,5,83,72.56,2018-05-03,0,0
C1013,23.0,Male,East,Graduate,Self-Employed,627943.05,172584.92,Education,582.235444,7,88,69.18,2019-01-19,1,1
C1014,42.0,Female,East,Post-Graduate,Self-Employed,237629.8,74383.1,Home,572.010384,0,137,75.03,2020-06-14,0,0
C1015,22.0,Female,East,Post-Graduate,Salaried,316914.61,130110.33,Home,645.3531688,3,128,47.45,2020-08-10,1,0
C1016,44.0,Male,South,Post-Graduate,Salaried,421918.1,319947.9,Home,672.753448,6,36,50.34,2023-09-01,0,1
C1017,50.0,Male,East,Secondary,Unemployed,217143.78,147615.87,Education,553.3715024,4,10,61.53,2024-10-01,1,1
C1018,58.0,Female,East,Secondary,Salaried,553048.91,254226.04,Education,587.2439128,2,98,90.35,2018-04-19,0,0
C1019,22.0,Male,South,Secondary,Salaried,1062412.54,526793.04,Business,655.9930032,5,30,74.3,2024-04-17,0,1
C1020,41.0,Female,East,Graduate,Salaried,973282.54,349764.34,Business,690.8626032,7,41,61.32,2020-03-25,0,0
C1021,53.0,Male,South,Graduate,Salaried,734389.18,457239.35,Business,642.7511344,2,17,77.78,2024-02-11,0,1
C1022,32.0,Female,West,Graduate,Salaried,1203457.09,6465337.44,Home,900.0,3,97,47.82,2022-09-15,0,0
C1023,42.0,Male,West,Post-Graduate,Self-Employed,1203457.09,567721.74,Other,731.2810224,3,29,74.79,2020-06-21,0,1
C1024,45.0,Female,West,Post-Graduate,Salaried,777722.54,175059.88,Education,708.2178032,2,145,50.8,2023-01-14,1,0
C1025,47.0,Male,East,Post-Graduate,Salaried,813498.72,467219.46,Business,705.0798976,5,24,40.97,2024-08-10,1,1
C1026,48.0,Male,North,Graduate,Self-Employed,221592.84,119107.76,Other,643.7274272,7,76,65.73,2021-02-13,1,1
C1027,36.0,Male,North,Graduate,Salaried,1017694.5,449086.9,Business,640.0686486114522,6,119,71.52,2018-01-27,1,1
C1028,35.0,Female,East,Graduate,Unemployed,608756.45,356936.04,Business,664.700516,1,131,54.45,2019-10-16,1,0
C1029,40.31739130434783,Female,North,Secondary,Unemployed,467950.88,248186.16,Other,666.4360704,6,30,62.41,2022-09-28,1,0
C1030,57.0,Male,South,Secondary,Salaried,408316.97,143053.42,Business,646.6653576,1,58,72.05,2021-10-25,1,1
C1031,27.0,Male,North,Graduate,Self-Employed,361592.26,158607.88,Home,593.9273808,7,143,77.58,2021-02-12,0,1
C1032,41.0,Male,East,Graduate,Salaried,976009.19,445907.51,Home,674.0807351999999,4,129,87.17,2019-09-29,1,1
C1033,29.0,Female,East,Post-Graduate,Unemployed,481375.35,350512.88,Home,614.510028,6,15,46.59,2020-05-31,1,0
C1034,59.0,Female,South,Secondary,Salaried,369009.18,1719307.86,Car,584.5207344,7,31,91.36,2021-10-10,0,0
C1035,40.31739130434783,Male,West,Graduate,Unemployed,638431.4485222222,469758.38,Business,603.0745158817778,2,98,67.8,2019-02-23,0,1
C1036,24.0,Male,East,Graduate,Self-Employed,537040.79,339144.92,Car,598.9632632,2,87,79.08,2019-01-15,0,1
C1037,45.0,Male,South,Graduate,Salaried,401199.73,221059.3,Education,574.0959784,5,38,72.48,2022-04-06,1,1
C1038,34.0,Male,North,Graduate,Salaried,353887.54,217130.17,Other,562.3110032,2,42,35.42,2019-02-01,1,1
C1039,29.0,Male,North,Graduate,Unemployed,228619.47,174543.09,Education,597.2895576,5,91,25.36,2022-01-10,0,1
C1040,46.0,Other,South,Graduate,Unemployed,828727.4,290053.96,Car,640.0686486114522,7,69,74.47,2021-11-09,0,2
C1041,22.0,Male,South,Graduate,Salaried,453199.27,236149.59,Home,667.2559416,2,135,58.33,2024-10-08,0,1
C1042,40.0,Female,East,Secondary,Self-Employed,269175.47,165210.43,Business,566.5340376,3,146,72.67,2020-12-19,0,0
C1043,48.0,Male,North,Secondary,Salaried,421181.92,255888.32,Business,586.6945536,0,56,55.76,2018-06-27,0,1
C1044,27.0,Male,South,Graduate,Salaried,661339.52,232373.13,Home,699.9071616,7,34,43.42,2023-02-25,0,1
C1045,28.0,Female,North,Post-Graduate,Salaried,496760.09,274230.9,Business,672.7408072,2,117,41.38,2024-01-06,1,0
C1046,55.0,Female,South,Graduate,Salaried,543098.81,367975.45,Other,643.4479048000001,0,147,74.79,2019-05-27,0,0
C1047,34.0,Other,North,Graduate,Self-Employed,500519.35,242775.6,Other,623.041548,1,146,40.76,2022-03-31,0,2
C1048,37.0,Male,West,Graduate,Salaried,638431.4485222222,431566.15,Other,682.0745158817778,4,12,73.6,2018-11-19,1,1
C1049,56.0,Male,East,Post-Graduate,Self-Employed,823797.23,342641.62,Education,707.9037784,6,76,48.8,2024-03-11,0,1
C1050,24.0,Female,North,Post-Graduate,Salaried,209457.99,145845.47,Home,586.2866624,6,36,77.82,2021-04-15,0,0
C1051,22.0,Male,West,Graduate,Salaried,630233.15,327946.27,Other,675.418652,7,99,30.71,2025-01-18,0,1
C1052,26.0,Male,North,Graduate,Salaried,685952.74,382465.83,Car,603.8762192,1,45,35.37,2024-12-08,0,1
C1053,24.0,Male,North,Post-Graduate,Salaried,433256.83,94803.93,Other,640.0686486114522,2,79,71.44,2022-01-21,1,1
C1054,49.0,Male,West,Graduate,Salaried,593850.21,179438.66,Education,630.5080168,6,49,62.02,2024-06-22,1,1
C1055,38.0,Female,North,Graduate,Salaried,419817.55,243393.56,Car,643.585404,5,17,35.29,2020-02-27,0,0
C1056,46.0,Male,North,Secondary,Self-Employed,597806.48,270162.03,Home,640.0686486114522,1,23,87.71,2018-10-12,0,1
C1057,54.0,Male,East,Post-Graduate,Salaried,844168.5,426219.22,Home,673.53348,3,57,40.7,2018-07-07,0,1
C1058,30.0,Male,West,Post-Graduate,Salaried,316263.33,75201.99,Other,635.3010664,0,141,51.58,2020-07-22,0,1
C1059,56.0,Male,West,Secondary,Salaried,708340.84,496179.4,Car,640.0686486114522,5,7,35.17,2021-03-31,1,1
C1060,34.0,Male,South,Graduate,Salaried,1203457.09,831835.99,Car,640.0686486114522,6,100,49.1,2018-11-23,0,1
C1061,51.0,Male,North,Graduate,Unemployed,565525.63,175998.58,Other,677.2420504,5,140,56.87,2020-08-11,0,1
C1062,35.0,Male,East,Secondary,Salaried,370753.49,215258.59,Other,666.6602792,2,18,42.14,2019-02-18,1,1
C1063,28.0,Male,North,Post-Graduate,Salaried,1203457.09,1173084.16,Business,765.815064,3,124,77.68,2022-04-06,1,1
C1064,34.0,Male,North,Secondary,Salaried,513388.65,300082.07,Business,677.071092,0,135,49.54,2021-02-12,0,1
C1065,43.0,Male,South,Secondary,Unemployed,638431.4485222222,246587.03,Other,699.0745158817778,3,17,74.71,2023-02-01,1,1
C1066,40.31739130434783,Female,North,Graduate,Salaried,561746.42,333490.14,Education,658.9397136,1,76,35.53,2022-02-03,0,0
C1067,36.0,Female,East,Graduate,Salaried,625511.4,204090.01,Business,584.040912,2,150,48.28,2019-10-29,0,0
C1068,38.0,Male,East,Secondary,Salaried,405801.25,158649.22,Other,569.4641,5,86,20.6,2022-02-25,0,1
C1069,44.0,Male,South,Graduate,Salaried,542799.33,186745.65,Car,648.4239464,5,61,76.9,2021-12-26,0,1
C1070,46.0,Male,North,Graduate,Salaried,825464.11,440925.83,Business,701.0371288,1,11,66.94,2020-05-08,0,1
C1071,45.0,Female,East,Secondary,Self-Employed,638431.4485222222,169143.47,Education,688.0745158817778,5,116,81.34,2020-12-29,0,0
C1072,49.0,Other,North,Secondary,Salaried,388094.18,294946.23,Home,673.0475344,4,52,54.17,2018-10-20,0,2
C1073,35.0,Female,North,Graduate,Self-Employed,416379.98,166596.72,Car,573.3103983999999,2,84,79.98,2024-10-31,0,0
C1074,21.0,Male,North,Graduate,Salaried,638431.4485222222,211564.74,Education,695.0745158817778,1,123,68.57,2025-02-13,0,1
C1075,45.0,Female,South,Post-Graduate,Salaried,335856.17,167232.83,Education,663.8684936,2,124,20.27,2019-12-02,0,0
C1076,27.0,Male,North,Post-Graduate,Unemployed,328414.25,120264.87,Education,671.27314,0,64,39.03,2023-12-28,0,1
C1077,29.0,Male,East,Post-Graduate,Salaried,488801.92,254637.67,Car,605.1041536,2,37,57.04,2020-09-29,0,1
C1078,44.0,Male,North,Graduate,Self-Employed,774428.11,316822.79,Education,697.9542488,2,119,66.4,2019-11-01,0,1
C1079,21.0,Other,East,Post-Graduate,Salaried,1087663.91,303719.36,Home,686.0131128,0,132,24.92,2023-03-09,1,2
C1080,28.0,Male,North,Graduate,Salaried,638431.4485222222,229539.82,Business,630.0745158817778,1,7,72.88,2022-04-04,0,1
C1081,44.0,Female,East,Graduate,Unemployed,628479.3,291026.08,Car,667.2783440000001,2,8,60.77,2021-01-10,0,0
C1082,31.0,Male,East,Secondary,Salaried,558978.67,121955.69,Education,640.0686486114522,3,104,59.43,2024-03-31,0,1
C1083,37.0,Male,North,Secondary,Unemployed,209457.99,102406.05,Other,662.3681504,2,8,41.9,2020-06-18,1,1
C1084,28.0,Male,North,Graduate,Salaried,260058.01,149037.88,Business,575.8046408,1,46,64.61,2021-08-21,1,1
C1085,55.0,Male,East,Graduate,Unemployed,743181.34,416787.81,Car,597.4545072,7,13,22.06,2018-08-18,0,1
C1086,55.0,Male,West,Secondary,Salaried,784002.0,413662.94,Other,598.72016,5,55,24.85,2020-07-27,0,1
C1087,53.0,Male,South,Graduate,Salaried,774199.15,429051.8,Other,643.935932,6,149,75.04,2018-05-12,0,1
C1088,25.0,Female,West,Graduate,Self-Employed,443389.28,337326.65,Education,592.4711424,0,149,44.14,2021-07-16,1,0
C1089,59.0,Female,West,Graduate,Unemployed,209457.99,33482.76,Car,578.0574272,5,101,46.02,2022-07-02,0,0
C1090,48.0,Female,North,Graduate,Unemployed,638431.4485222222,145996.39,Education,682.0745158817778,1,24,35.63,2021-01-01,1,0
C1091,27.0,Male,South,Post-Graduate,Self-Employed,302087.11,95126.04,Home,595.1669688,4,146,53.42,2018-09-29,0,1
C1092,29.0,Male,West,Post-Graduate,Unemployed,690949.98,207548.13,Other,699.2759984,6,26,23.9,2020-05-14,0,1
C1093,28.0,Male,North,Graduate,Salaried,401694.01,124009.64,Home,640.0686486114522,5,31,42.53,2024-05-12,1,1
C1094,32.0,Other,West,Graduate,Salaried,1203457.09,747252.18,Education,700.110596,2,47,59.53,2021-07-12,1,2
C1095,54.0,Female,West,Graduate,Salaried,1096025.58,521368.39,Business,640.0686486114522,6,135,54.92,2020-05-20,0,0
C1096,40.31739130434783,Male,North,Post-Graduate,Salaried,1203457.09,975988.09,Other,747.2043216,2,98,94.98,2023-08-07,0,1
C1097,43.0,Female,North,Graduate,Salaried,295350.44,99276.6,Business,627.6280352,0,12,49.16,2022-06-09,0,0
C1098,44.0,Male,North,Secondary,Salaried,640490.88,247548.48,Car,640.0686486114522,2,90,49.02,2023-02-23,0,1
C1099,57.0,Female,South,Secondary,Salaried,376006.52,297249.86,Other,650.0805216,6,93,57.77,2019-08-09,0,0
C1100,40.31739130434783,Male,West,Graduate,Self-Employed,585563.26,409340.86,Home,647.8450608,3,142,34.27,2020-12-20,0,1
C1101,42.0,Female,North,Graduate,Salaried,313925.96,151274.49,Business,615.1140768,3,117,85.72,2019-07-26,0,0
C1102,47.0,Male,East,Post-Graduate,Salaried,959709.59,511293.09,Car,686.7767672,7,25,62.92,2020-10-07,0,1
C1103,40.31739130434783,Female,West,Secondary,Salaried,317168.24,223891.2,Other,662.3734592,5,13,34.41,2024-04-18,0,0
C1104,21.0,Female,East,Graduate,Self-Employed,209457.99,81861.42,Car,659.4037512,1,40,79.51,2024-01-17,0,0
C1105,55.0,Female,South,Post-Graduate,Self-Employed,1203457.09,484259.57,Home,695.7127984,7,40,22.57,2020-12-12,0,0
C1106,57.0,Male,North,Post-Graduate,Self-Employed,623667.82,434738.08,Other,596.8934256,0,77,93.69,2024-07-22,0,1
C1107,34.0,Male,East,Graduate,Salaried,271571.38,141940.45,Car,667.7257104,4,5,84.89,2022-10-21,0,1
C1108,23.0,Male,South,Graduate,Salaried,447195.39,130503.04,Education,622.7756312,7,73,63.47,2024-07-18,0,1
C1109,40.31739130434783,Male,North,Graduate,Salaried,356015.16,179200.76,Other,650.4812128,5,41,28.35,2022-06-24,0,1
C1110,25.0,Male,East,Post-Graduate,Salaried,490488.84,219700.76,Other,615.2391072,1,76,36.15,2022-01-22,0,1
C1111,40.31739130434783,Female,East,Secondary,Salaried,760346.45,552091.75,Other,706.827716,0,111,40.96,2020-06-17,0,0
C1112,34.0,Male,South,Post-Graduate,Salaried,697444.7,192238.96,Other,593.795576,6,100,38.08,2019-07-21,0,1
C1113,59.0,Male,North,Graduate,Salaried,562165.16,407640.51,Education,577.9732128,0,145,57.31,2023-09-19,0,1
C1114,47.0,Male,North,Graduate,Unemployed,490357.12,248771.22,Home,640.0686486114522,6,88,90.84,2023-07-15,1,1
C1115,29.0,Male,East,Secondary,Unemployed,884934.51,391688.53,Education,685.7947608,5,47,53.31,2019-01-08,1,1
C1116,35.0,Female,East,Graduate,Salaried,209457.99,50391.7,Education,585.5652864,1,41,69.62,2018-07-12,0,0
C1117,35.0,Male,East,Graduate,Salaried,638431.4485222222,396140.83,Car,683.0745158817778,7,29,71.64,2019-03-26,0,1
C1118,46.0,Female,North,Secondary,Salaried,285425.25,215805.47,Business,640.0686486114522,1,77,85.37,2019-09-19,0,0
C1119,33.0,Male,South,Graduate,Salaried,850382.71,361605.19,Business,697.0306168,2,46,22.54,2025-01-14,0,1
C1120,52.0,Other,South,Post-Graduate,Unemployed,325624.14,561621.85,Car,643.0499312,4,6,50.32,2019-10-18,0,2
C1121,59.0,Female,North,Graduate,Salaried,638431.4485222222,340232.98,Education,646.0745158817778,3,140,78.86,2022-09-26,0,0
C1122,52.0,Male,West,Graduate,Self-Employed,661410.63,448245.64,Car,686.9128504,2,100,81.12,2024-09-08,0,1
C1123,24.0,Female,South,Secondary,Salaried,296614.57,59993.45,Other,598.7291656,0,65,89.55,2018-09-18,1,0
C1124,50.0,Male,East,Graduate,Salaried,403164.7,233362.4,Car,594.253176,4,18,72.71,2022-04-26,0,1
C1125,57.0,Female,West,Secondary,Salaried,1203457.09,1010616.21,Car,739.9146896,4,117,38.39,2022-04-13,0,0
C1126,43.0,Male,West,Graduate,Self-Employed,638431.4485222222,249557.31,Other,685.0745158817778,1,81,57.92,2024-09-06,1,1
C1127,59.0,Female,South,Post-Graduate,Salaried,435359.61,204990.73,Business,611.8287688,4,25,22.43,2023-04-02,0,0
C1128,35.0,Female,West,Graduate,Self-Employed,457430.18,159267.1,Other,595.5944144,5,68,68.52,2023-12-08,0,0
C1129,49.0,Male,West,Secondary,Salaried,805419.21,3256783.9799999995,Home,640.0686486114522,4,61,61.57,2020-10-26,0,1
C1130,56.0,Female,South,Graduate,Salaried,704031.75,408845.99,Car,592.32254,0,123,70.01,2024-03-16,0,0
C1131,40.31739130434783,Male,South,Graduate,Unemployed,509701.08,264854.43,Car,673.7760864,5,56,89.76,2018-02-17,0,1
C1132,52.0,Male,West,Graduate,Unemployed,517599.97,225422.92,Business,647.4079976,5,99,71.55,2019-04-15,0,1
C1133,27.0,Male,East,Post-Graduate,Unemployed,216659.73,81210.7,Education,572.3327784,2,150,44.03,2024-01-09,0,1
C1134,40.31739130434783,Male,North,Post-Graduate,Self-Employed,209457.99,133879.41,Other,588.4407528,4,144,34.91,2020-12-28,0,1
C1135,40.31739130434783,Male,West,Graduate,Self-Employed,443630.7,208881.12,Education,630.490456,1,93,84.1,2021-10-25,1,1
C1136,22.0,Male,West,Graduate,Salaried,345135.77,172867.62,Home,598.6108616,6,14,34.57,2019-04-02,0,1
C1137,40.31739130434783,Other,East,Graduate,Salaried,638431.4485222222,327194.35,Other,652.0745158817778,2,56,32.12,2021-04-17,0,2
C1138,48.0,Female,West,Secondary,Salaried,638431.4485222222,299437.22,Home,640.0686486114522,1,38,35.5,2022-11-16,1,0
C1139,48.0,Female,West,Graduate,Self-Employed,319647.49,113044.31,Home,640.0686486114522,4,119,58.16,2019-10-10,0,0
C1140,40.0,Male,North,Graduate,Salaried,534859.38,145591.0,Home,613.7887504,2,140,29.31,2023-02-02,0,1
C1141,50.0,Male,North,Graduate,Salaried,388470.29,100661.34,Other,640.0686486114522,4,129,90.36,2018-01-14,0,1
C1142,31.0,Female,North,Graduate,Self-Employed,1203457.09,997206.06,Other,765.8933928,0,47,92.47,2020-12-14,0,0
C1143,48.0,Male,South,Secondary,Self-Employed,604667.06,202029.36,Business,623.3733648,2,33,93.04,2023-08-13,0,1
C1144,45.0,Female,South,Graduate,Salaried,209457.99,48372.19,Car,569.5797528,1,110,22.93,2020-01-02,0,0
C1145,59.0,Female,North,Secondary,Salaried,638431.4485222222,433182.41,Education,692.0745158817778,0,124,90.96,2023-09-11,1,0
C1146,53.0,Male,North,Secondary,Salaried,345161.62,100938.03,Education,609.6129296,3,85,94.81,2019-03-12,0,1
C1147,21.0,Male,South,Post-Graduate,Salaried,286042.21,164499.34,Home,588.8833768,1,35,90.68,2025-01-05,0,1
C1148,47.0,Male,East,Secondary,Salaried,1203457.09,640926.64,Other,775.1724111999999,6,132,70.32,2021-05-07,0,1
C1149,33.0,Male,West,Graduate,Self-Employed,591377.69,163154.1,Other,615.3102152,7,42,72.59,2023-09-11,0,1
C1150,23.0,Male,West,Secondary,Self-Employed,638431.4485222222,286456.9,Home,593.0745158817778,4,105,29.17,2024-10-30,0,1
C1151,59.0,Male,North,Post-Graduate,Self-Employed,731741.85,152850.13,Car,665.539348,1,136,85.57,2020-03-25,0,1
C1152,26.0,Male,East,Graduate,Salaried,436570.72,307619.51,Education,586.9256576,3,134,24.47,2019-09-19,0,1
C1153,28.0,Male,South,Secondary,Salaried,638431.4485222222,324386.24,Business,632.0745158817778,1,16,43.83,2022-03-12,0,1
C1154,40.31739130434783,Other,North,Graduate,Salaried,390392.69,110674.77,Car,668.2314152,0,39,94.34,2019-10-24,1,2
C1155,29.0,Male,East,Graduate,Salaried,1184553.48,405340.21,Other,741.7642784,5,114,51.67,2024-01-19,1,1
C1156,57.0,Other,East,Post-Graduate,Self-Employed,546933.86,256394.45,Home,585.7547088,7,76,29.84,2023-12-13,0,2
C1157,53.0,Male,East,Secondary,Salaried,1006614.49,315394.09,Education,616.5291592,1,114,92.7,2018-01-03,0,1
C1158,44.0,Male,South,Post-Graduate,Salaried,468811.09,169315.58,Home,670.5048872,2,65,93.81,2024-09-19,0,1
C1159,35.0,Male,South,Post-Graduate,Salaried,322719.57,168017.92,Other,583.8175656,6,52,34.03,2021-08-20,1,1
C1160,52.0,Male,West,Post-Graduate,Salaried,221190.8,154737.43,Home,569.695264,3,147,84.86,2023-06-25,0,1
C1161,52.0,Male,West,Graduate,Self-Employed,698298.37,308022.07,Education,654.8638696,1,75,49.28,2018-03-21,0,1
C1162,44.0,Female,East,Graduate,Salaried,638431.4485222222,402330.03,Home,664.0745158817778,3,147,48.6,2019-04-04,1,0
C1163,32.0,Male,East,Graduate,Self-Employed,300353.34,218059.69,Education,595.0282672,5,138,39.7,2022-01-26,0,1
C1164,59.0,Female,South,Post-Graduate,Salaried,648459.55,213849.36,Home,682.876764,0,72,23.35,2021-06-13,1,0
C1165,22.0,Female,West,Graduate,Salaried,229443.33,157011.55,Home,581.3554664,2,26,40.1,2020-09-07,0,0
C1166,23.0,Male,East,Graduate,Self-Employed,638431.4485222222,417815.92,Education,603.0745158817778,4,36,24.03,2018-08-26,0,1
C1167,57.0,Male,West,Graduate,Salaried,638431.4485222222,264414.29,Home,658.0745158817778,1,127,89.33,2020-09-13,0,1
C1168,40.31739130434783,Female,West,Graduate,Salaried,209457.99,150001.96,Car,615.119032,0,26,69.63,2024-05-12,1,0
C1169,22.0,Male,East,Post-Graduate,Salaried,484119.58,173093.77,Business,670.7295664,7,114,86.5,2018-11-19,0,1
C1170,22.0,Male,South,Secondary,Salaried,308604.17,108900.84,Car,555.6883336,3,19,73.8,2018-12-17,0,1
C1171,48.0,Other,East,Post-Graduate,Salaried,681885.87,452332.74,Business,637.5508695999999,5,128,29.85,2023-06-14,0,2
C1172,43.0,Male,East,Graduate,Salaried,446426.32,205710.74,Car,589.7141056,6,48,90.54,2018-10-11,1,1
C1173,57.0,Female,West,Post-Graduate,Unemployed,819698.17,326630.87,Business,650.5758536,3,119,87.49,2023-12-22,0,0
C1174,52.0,Other,East,Graduate,Salaried,419249.27,128792.4,Home,671.5399416,6,13,46.11,2019-05-31,0,2
C1175,53.0,Male,South,Graduate,Salaried,231119.75,152354.01,Education,607.48958,5,38,28.37,2019-06-10,1,1
C1176,21.0,Male,East,Post-Graduate,Salaried,215813.95,144982.32,Education,607.265116,6,77,72.81,2023-05-01,1,1
C1177,39.0,Male,South,Graduate,Salaried,209457.99,92387.28,Other,555.6885656,5,147,74.63,2024-03-01,0,1
C1178,22.0,Male,South,Post-Graduate,Salaried,692543.83,536297.75,Business,676.4035064,0,49,87.26,2019-11-08,0,1
C1179,46.0,Male,West,Graduate,Salaried,1203457.09,780307.45,Other,712.6953728,1,76,23.95,2020-12-21,0,1
C1180,52.0,Female,North,Graduate,Unemployed,621182.98,206090.76,Other,670.6946384,4,62,30.63,2023-12-02,0,0
C1181,26.0,Male,North,Graduate,Salaried,638431.4485222222,387195.94,Business,640.0686486114522,1,119,64.87,2024-10-20,0,1
C1182,52.0,Male,West,Graduate,Self-Employed,912063.88,597443.05,Education,605.9651104,7,23,66.43,2022-09-30,0,1
C1183,24.0,Other,East,Graduate,Salaried,367660.48,123145.52,Business,592.4128384,7,20,22.52,2020-05-17,0,2
C1184,31.0,Female,West,Secondary,Salaried,980603.81,241195.65,Home,681.4483048,2,79,49.77,2024-01-18,0,0
C1185,37.0,Female,South,Graduate,Self-Employed,375789.31,257907.92,Other,573.0631448,1,110,63.81,2020-04-03,0,0
C1186,58.0,Male,North,Secondary,Salaried,379917.98,298577.99,Other,648.3934384,5,140,75.34,2021-06-30,0,1
C1187,44.0,Female,West,Post-Graduate,Salaried,435946.24,255814.72,Business,580.8756992,5,78,43.71,2022-06-23,0,0
C1188,25.0,Male,East,Post-Graduate,Salaried,447459.4,164092.37,Other,573.796752,2,22,56.29,2022-03-10,1,1
C1189,40.31739130434783,Male,West,Graduate,Unemployed,703450.79,561356.24,Education,633.2760632,3,47,81.05,2022-11-30,0,1
C1190,26.0,Male,North,Graduate,Salaried,338071.37,248807.0,Other,596.0457096,5,54,91.54,2023-10-21,0,1
C1191,42.0,Female,West,Graduate,Salaried,797316.13,405059.23,Business,695.7852904,2,7,37.27,2023-01-24,0,0
C1192,31.0,Male,West,Graduate,Salaried,791044.3,549928.28,Education,643.283544,5,63,38.98,2019-05-11,0,1
C1193,36.0,Male,North,Post-Graduate,Salaried,590443.92,407106.54,Education,641.2355136,4,32,90.49,2020-10-12,1,1
C1194,53.0,Male,South,Post-Graduate,Unemployed,638431.4485222222,485769.33,Other,683.0745158817778,5,50,49.69,2020-07-09,0,1
C1195,29.0,Male,South,Graduate,Self-Employed,992583.04,699328.66,Business,642.4066432,0,68,73.88,2018-09-20,0,1
C1196,26.0,Female,North,Post-Graduate,Self-Employed,880593.25,516210.4,Other,642.44746,2,74,65.92,2021-10-16,0,0
C1197,40.31739130434783,Female,West,Graduate,Unemployed,507059.87,286784.05,Home,640.0686486114522,6,51,41.42,2018-03-28,1,0
C1198,49.0,Female,North,Post-Graduate,Salaried,593309.45,285034.39,Home,656.464756,7,146,69.02,2024-08-06,0,0
C1199,23.0,Male,South,Secondary,Salaried,652191.85,375591.67,Education,616.175348,1,139,69.17,2024-03-18,0,1
C1200,40.0,Male,East,Graduate,Salaried,638431.4485222222,432301.06,Other,650.0745158817778,2,110,64.43,2020-07-31,0,1
C1201,56.0,Male,West,Graduate,Salaried,638431.4485222222,498884.75,Home,586.0745158817778,3,85,27.47,2024-08-07,0,1
C1202,39.0,Male,South,Graduate,Self-Employed,209457.99,62546.42,Car,657.4163224,5,55,94.64,2020-06-21,0,1
C1203,46.0,Male,West,Secondary,Unemployed,725612.19,394872.29,Home,607.0489752,2,33,50.03,2018-01-30,0,1
C1204,23.0,Female,North,Post-Graduate,Salaried,867001.49,404788.51,Other,716.3601192,4,117,67.87,2018-10-18,0,0
C1205,39.0,Male,East,Secondary,Salaried,258172.86,155185.94,Other,640.0686486114522,2,147,86.43,2025-01-28,0,1
C1206,40.0,Male,North,Graduate,Unemployed,682039.43,394186.26,Home,664.5631544,4,132,51.75,2018-08-30,0,1
C1207,52.0,Male,East,Secondary,Salaried,353154.29,74409.71,Other,571.2523432,7,94,78.04,2020-07-26,0,1
C1208,27.0,Male,West,Graduate,Salaried,638431.4485222222,334983.02,Other,615.0745158817778,7,29,92.89,2018-10-04,0,1
C1209,53.0,Male,West,Graduate,Salaried,1005422.38,254464.5,Car,627.4337904,5,45,46.92,2018-05-09,0,1
C1210,59.0,Other,North,Graduate,Unemployed,283552.08,61199.09,Education,556.6841664,1,73,50.4,2021-09-15,0,2
C1211,38.0,Female,East,Secondary,Self-Employed,283316.16,191158.6,Other,572.6652928,5,8,87.92,2018-10-18,1,0
C1212,21.0,Other,East,Secondary,Self-Employed,1203457.09,468624.1,Business,695.5489656,3,109,31.97,2023-10-07,0,2
C1213,31.0,Male,West,Graduate,Self-Employed,451325.38,182512.85,Education,612.1060304,0,35,22.14,2020-09-01,0,1
C1214,48.0,Male,North,Post-Graduate,Salaried,970532.41,231424.18,Education,673.6425928,1,135,88.17,2021-02-14,0,1
C1215,45.0,Male,East,Post-Graduate,Salaried,209457.99,62447.65,Business,592.235976,1,121,81.62,2023-06-12,0,1
C1216,43.0,Male,West,Secondary,Self-Employed,212090.47,139844.59,Home,654.9672376,7,94,92.94,2020-05-27,0,1
C1217,51.0,Female,South,Graduate,Salaried,638431.4485222222,316737.65,Car,688.0745158817778,0,149,24.37,2024-01-18,0,0
C1218,50.0,Male,North,Secondary,Self-Employed,375193.28,273291.19,Other,621.0154624,2,70,31.71,2019-06-26,0,1
C1219,55.0,Male,South,Secondary,Unemployed,225977.87,99056.33,Home,597.0782296,5,92,27.9,2024-05-27,1,1
C1220,27.0,Male,North,Graduate,Self-Employed,599057.62,216391.86,Business,673.9246095999999,2,28,71.26,2024-06-18,0,1
C1221,36.0,Male,West,Graduate,Self-Employed,620963.01,253700.58,Car,618.6770408,2,103,65.45,2023-04-21,0,1
C1222,46.0,Female,East,Secondary,Self-Employed,638431.4485222222,400719.85,Car,587.0745158817778,5,109,46.95,2020-09-22,1,0
C1223,22.0,Male,East,Secondary,Self-Employed,311691.97,166132.88,Car,631.9353576,3,23,24.31,2023-04-22,0,1
C1224,21.0,Male,East,Secondary,Salaried,335128.8,248838.07,Business,640.0686486114522,1,70,67.97,2022-07-26,1,1
C1225,32.0,Male,North,Post-Graduate,Salaried,257638.52,144612.83,Home,589.6110816,4,64,62.76,2020-02-19,0,1
C1226,25.0,Male,West,Post-Graduate,Salaried,209457.99,49310.02,Other,648.9562624,0,119,28.47,2019-01-22,0,1
C1227,57.0,Female,South,Secondary,Self-Employed,466600.09,313299.39,Car,617.3280072,1,19,88.17,2019-02-02,0,0
C1228,52.0,Female,West,Secondary,Salaried,385871.34,296549.96,Car,631.8697072,2,89,34.92,2022-11-01,1,0
C1229,29.0,Other,South,Post-Graduate,Self-Employed,408202.96,168795.0,Home,639.6562368,0,92,75.76,2021-12-22,1,2
C1230,55.0,Female,North,Post-Graduate,Salaried,280269.82,98073.62,Car,659.4215856,4,11,86.38,2022-10-01,0,0
C1231,40.31739130434783,Male,North,Graduate,Self-Employed,763580.34,435034.96,Car,697.0864272,1,10,63.46,2022-08-11,0,1
C1232,36.0,Female,South,Secondary,Salaried,1203457.09,926773.67,Business,783.4846296000001,1,129,38.51,2023-03-28,0,0
C1233,23.0,Male,South,Secondary,Self-Employed,309048.45,245233.45,Education,673.723876,3,37,43.19,2018-08-10,0,1
C1234,40.0,Male,South,Graduate,Salaried,1055824.86,504068.81,Home,705.4659888,1,62,86.43,2019-02-08,1,1
C1235,44.0,Female,West,Graduate,Salaried,598186.22,146315.71,Home,668.8548976,1,149,42.37,2018-09-06,0,0
C1236,53.0,Male,South,Secondary,Salaried,498560.86,392078.95,Home,608.8848688,4,114,75.96,2022-07-08,0,1
C1237,44.0,Female,North,Graduate,Self-Employed,638431.4485222222,450829.75,Business,671.0745158817778,4,46,94.26,2021-10-21,1,0
C1238,31.0,Male,North,Secondary,Salaried,467068.27,143366.65,Business,580.3654616,0,98,94.99,2019-03-24,1,1
C1239,28.0,Female,East,Post-Graduate,Salaried,920134.27,683441.83,Other,612.6107416,2,133,60.01,2020-10-15,0,0
C1240,56.0,Female,South,Graduate,Unemployed,261464.94,105736.45,Business,594.9171952,4,83,81.99,2020-02-24,0,0
C1241,58.0,Female,West,Secondary,Self-Employed,420309.36,179164.09,Home,664.6247488,0,99,94.27,2020-02-19,1,0
C1242,40.0,Female,West,Graduate,Unemployed,971843.55,722891.14,Other,679.747484,1,115,48.1,2024-01-06,0,0
C1243,55.0,Female,West,Graduate,Salaried,839904.17,435128.6,Education,604.1923336,7,101,38.93,2023-01-12,0,0
C1244,45.0,Male,East,Post-Graduate,Salaried,263702.73,74537.62,Car,637.0962184,0,123,28.57,2019-07-29,0,1
C1245,55.0,Male,North,Graduate,Unemployed,442225.17,186368.59,Car,663.3780136,7,73,30.57,2022-09-25,1,1
C1246,45.0,Male,West,Graduate,Salaried,638431.4485222222,404292.12,Other,596.0745158817778,0,137,84.02,2020-01-22,0,1
C1247,49.0,Female,North,Graduate,Self-Employed,638431.4485222222,194409.09,Education,605.0745158817778,0,149,64.15,2021-02-14,0,0
C1248,38.0,Male,East,Graduate,Salaried,835949.92,463232.22,Car,615.8759936,7,56,85.53,2023-03-10,0,1
C1249,38.0,Female,South,Post-Graduate,Salaried,604016.77,372777.7,Other,600.3213416,5,146,79.21,2020-10-20,1,0
C1250,22.0,Male,South,Graduate,Salaried,662366.45,269127.53,Business,588.989316,0,126,70.53,2018-11-05,0,1
C1251,55.0,Male,South,Graduate,Salaried,590389.66,363873.92,Home,598.2311728,7,33,65.7,2022-12-21,1,1
C1252,40.31739130434783,Female,West,Secondary,Salaried,1165724.33,851590.08,Education,683.2579464,4,140,23.63,2024-03-04,0,0
C1253,40.31739130434783,Male,South,Graduate,Salaried,387706.49,187366.93,Car,598.0165192,6,108,85.42,2019-02-06,1,1
C1254,40.31739130434783,Male,West,Post-Graduate,Unemployed,502075.18,215764.6,Home,636.1660144,6,5,51.34,2018-07-27,1,1
C1255,24.0,Male,East,Post-Graduate,Salaried,279782.32,98118.27,Other,606.3825856,6,33,61.98,2024-01-24,1,1
C1256,53.0,Male,East,Secondary,Self-Employed,251045.14,141218.74,Car,663.0836112,6,73,21.65,2018-03-02,1,1
C1257,34.0,Female,West,Secondary,Self-Employed,584625.17,425555.23,Home,657.7700136,5,57,90.21,2019-01-18,0,0
C1258,41.0,Male,North,Post-Graduate,Self-Employed,328304.74,129613.65,Business,618.2643792,2,128,87.71,2020-08-26,0,1
C1259,40.0,Male,South,Post-Graduate,Salaried,473673.2,207346.33,Education,656.893856,7,92,60.75,2019-11-13,1,1
C1260,28.0,Male,South,Secondary,Self-Employed,1190354.98,528488.22,Other,653.2283984000001,0,87,63.3,2022-07-23,1,1
C1261,27.0,Female,South,Graduate,Self-Employed,1153101.4,618624.38,Car,736.248112,3,16,72.88,2023-06-13,0,0
C1262,23.0,Female,West,Graduate,Self-Employed,1203457.09,559997.12,Business,781.9191040000001,6,56,39.85,2023-05-26,0,0
C1263,37.0,Male,East,Post-Graduate,Self-Employed,1203457.09,834388.92,Education,662.2765672,1,133,36.64,2020-05-25,0,1
C1264,40.31739130434783,Male,South,Secondary,Unemployed,1203457.09,691838.61,Education,640.0686486114522,6,139,70.55,2022-07-01,0,1
C1265,32.0,Male,East,Secondary,Self-Employed,621624.39,387407.27,Business,608.7299512,6,149,27.83,2018-08-29,0,1
C1266,42.0,Female,South,Post-Graduate,Salaried,297550.33,151134.57,Car,562.8040264,1,131,54.05,2019-11-06,1,0
C1267,42.0,Female,South,Secondary,Self-Employed,282034.33,155552.81,Education,567.5627464,5,75,56.96,2022-04-02,0,0
C1268,50.0,Male,West,Graduate,Salaried,1053872.29,324345.26,Other,699.3097832,1,21,48.6,2018-01-09,0,1
C1269,58.0,Male,North,Graduate,Unemployed,503024.71,322445.84,Home,659.2419768,1,7,33.9,2022-05-19,0,1
C1270,58.0,Male,West,Graduate,Salaried,524065.7,164122.87,Other,647.925256,5,33,46.65,2020-12-22,0,1
C1271,28.0,Other,South,Graduate,Salaried,361497.68,96911.81,Education,637.9198144,1,26,45.32,2023-02-07,0,2
C1272,47.0,Male,South,Graduate,Self-Employed,386139.64,203884.7,Home,628.8911712,0,58,57.44,2021-03-14,0,1
C1273,47.0,Female,North,Secondary,Self-Employed,603841.85,377750.35,Business,589.307348,6,111,70.6,2022-09-29,0,0
C1274,54.0,Female,East,Graduate,Salaried,273655.99,62946.76,Home,663.8924792,2,73,92.62,2024-03-26,0,0
C1275,41.0,Male,East,Post-Graduate,Salaried,563220.32,136094.97,Home,621.0576255999999,5,124,30.81,2023-06-17,0,1
C1276,50.0,Male,South,Post-Graduate,Salaried,1122528.3,765123.71,Home,653.802264,3,51,85.48,2019-09-27,0,1
C1277,53.0,Male,East,Secondary,Salaried,209457.99,103650.11,Education,549.097712,5,24,41.31,2020-02-17,0,1
C1278,48.0,Female,South,Secondary,Unemployed,209457.99,72720.22,Car,592.7566392,4,25,64.35,2021-04-30,0,0
C1279,53.0,Female,North,Graduate,Salaried,708982.04,403507.86,Education,640.0686486114522,3,5,61.01,2020-06-10,1,0
C1280,25.0,Female,North,Graduate,Self-Employed,1035279.85,482345.21,Car,731.822388,4,147,61.77,2018-08-28,0,0
C1281,39.0,Male,South,Graduate,Self-Employed,373457.32,216462.44,Business,613.8765856,7,21,74.25,2024-06-30,0,1
C1282,24.0,Male,North,Graduate,Salaried,209457.99,116926.69,Business,653.0329888,7,55,48.63,2024-01-30,0,1
C1283,55.0,Other,West,Secondary,Salaried,1074706.65,266434.67,Business,686.976532,5,18,43.93,2018-09-07,1,2
C1284,37.0,Female,West,Secondary,Salaried,638431.4485222222,425700.12,Business,667.0745158817778,4,63,83.96,2021-07-08,0,0
C1285,48.0,Male,North,Graduate,Self-Employed,400838.75,198742.85,Business,668.0671,3,87,36.51,2018-08-23,0,1
C1286,50.0,Other,South,Graduate,Salaried,638431.4485222222,343780.12,Other,595.0745158817778,0,54,33.52,2018-07-25,0,2
C1287,49.0,Female,South,Secondary,Self-Employed,338900.44,200750.66,Education,603.1120352,5,128,21.17,2024-07-20,0,0
C1288,26.0,Male,North,Graduate,Salaried,301983.8,227567.11,Car,644.158704,5,38,35.79,2023-05-07,0,1
C1289,55.0,Female,East,Graduate,Salaried,638431.4485222222,149413.37,Business,610.0745158817778,1,10,58.89,2023-08-22,0,0
C1290,40.31739130434783,Female,West,Post-Graduate,Salaried,1203457.09,295717.01,Other,697.6766312,5,113,60.39,2023-12-16,1,0
C1291,44.0,Female,East,Post-Graduate,Salaried,925220.6,284003.0,Other,697.017648,6,53,39.08,2019-10-07,0,0
C1292,49.0,Male,South,Graduate,Self-Employed,670637.84,531057.07,Other,608.6510272,7,10,25.42,2018-08-21,0,1
C1293,40.31739130434783,Male,South,Secondary,Unemployed,1203457.09,1293636.63,Education,640.0686486114522,6,121,75.85,2023-09-12,0,1
C1294,55.0,Female,East,Graduate,Self-Employed,638431.4485222222,363130.02,Business,618.0745158817778,5,122,76.85,2018-11-25,1,0
C1295,53.0,Male,North,Secondary,Salaried,652332.78,148877.63,Other,640.0686486114522,7,11,94.84,2020-02-01,0,1
C1296,41.0,Male,East,Graduate,Unemployed,638431.4485222222,464437.26,Other,677.0745158817778,7,101,87.5,2018-10-08,0,1
C1297,52.0,Male,East,Post-Graduate,Self-Employed,563707.38,387635.7,Business,621.0965904,0,122,89.45,2024-09-03,0,1
C1298,43.0,Male,West,Graduate,Unemployed,871804.84,522106.51,Education,637.7443872,1,133,79.87,2018-10-06,0,1
C1299,53.0,Female,West,Post-Graduate,Salaried,668740.42,269822.37,Other,612.4992336,2,145,66.16,2020-08-21,1,0
C1300,23.0,Female,East,Graduate,Salaried,336349.75,81498.54,Car,676.90798,4,31,29.64,2022-07-12,1,0
C1301,38.0,Male,East,Secondary,Salaried,492522.56,269913.74,Home,631.4018048,3,120,66.67,2019-05-07,0,1
C1302,45.0,Male,South,Graduate,Self-Employed,730654.74,461639.9,Home,640.4523792,2,135,24.2,2024-05-22,0,1
C1303,40.31739130434783,Male,West,Graduate,Salaried,505194.42,129604.7,Home,617.4155536,1,62,86.4,2020-10-05,0,1
C1304,23.0,Male,West,Graduate,Salaried,974672.4,565563.99,Education,686.973792,6,93,56.14,2024-06-29,0,1
C1305,44.0,Female,South,Graduate,Salaried,607814.4,225997.33,Other,589.625152,6,101,72.31,2024-09-01,0,0
C1306,52.0,Male,North,Secondary,Self-Employed,739779.51,487179.23,Home,676.1823608,6,21,23.92,2018-06-12,0,1
C1307,42.0,Female,West,Post-Graduate,Salaried,768173.08,402345.64,Home,612.4538464,0,105,60.07,2024-12-11,0,0
C1308,43.0,Female,West,Secondary,Salaried,271936.68,75441.24,Business,606.7549344,7,33,42.59,2018-12-02,1,0
C1309,22.0,Female,North,Post-Graduate,Salaried,502571.06,259282.27,Other,673.2056848,6,106,41.37,2022-09-14,0,0
C1310,47.0,Female,West,Post-Graduate,Self-Employed,407259.17,178152.31,Other,606.5807336,3,127,49.22,2024-07-18,1,0
C1311,22.0,Male,West,Post-Graduate,Unemployed,638431.4485222222,196773.24,Business,587.0745158817778,4,58,20.05,2024-05-04,1,1
C1312,46.0,Female,North,Graduate,Self-Employed,630821.47,444672.01,Other,696.4657176,5,31,55.0,2023-11-12,0,0
C1313,40.31739130434783,Male,North,Graduate,Unemployed,440860.22,91089.25,Car,666.2688176,5,106,56.49,2021-07-19,0,1
C1314,53.0,Female,East,Post-Graduate,Self-Employed,638431.4485222222,247249.79,Education,636.0745158817778,2,121,84.73,2020-12-04,1,0
C1315,29.0,Female,South,Graduate,Self-Employed,209457.99,42165.23,Business,592.252008,4,108,53.64,2020-04-16,1,0
C1316,59.0,Female,South,Graduate,Salaried,579944.94,149396.23,Home,635.3955952,1,49,47.27,2021-07-10,0,0
C1317,49.0,Female,North,Graduate,Self-Employed,329566.37,124661.03,Other,583.3653096,4,118,94.61,2020-09-04,0,0
C1318,46.0,Male,North,Graduate,Self-Employed,705293.68,1148175.07,Car,611.4234944,0,91,62.84,2020-12-23,0,1
C1319,55.0,Male,West,Graduate,Self-Employed,209457.99,110507.39,Car,634.8439688,2,35,55.45,2022-06-10,1,1
C1320,45.0,Other,East,Graduate,Salaried,638431.4485222222,160959.9,Education,644.0745158817778,2,41,57.2,2019-06-21,1,2
C1321,44.0,Female,East,Graduate,Salaried,704416.62,437462.57,Car,657.3533296,0,40,80.69,2021-05-13,1,0
C1322,33.0,Male,North,Post-Graduate,Salaried,516356.04,119580.45,Other,654.3084832,4,123,45.55,2023-02-16,1,1
C1323,27.0,Male,West,Secondary,Salaried,1203457.09,290686.41,Other,694.7112072,6,9,49.19,2021-07-19,0,1
C1324,56.0,Male,West,Post-Graduate,Salaried,823756.18,315659.69,Car,688.9004944,0,56,76.69,2018-10-25,0,1
C1325,40.0,Female,South,Graduate,Self-Employed,376528.2,277856.32,Other,607.122256,6,53,25.47,2018-02-08,0,0
C1326,21.0,Female,South,Post-Graduate,Salaried,510255.56,298415.79,Other,605.8204448,3,10,84.89,2023-02-21,0,0
C1327,28.0,Male,West,Graduate,Salaried,209457.99,109894.75,Home,545.2787528,0,127,52.27,2024-12-19,0,1
C1328,36.0,Male,South,Post-Graduate,Salaried,877914.66,250145.34,Business,640.2331728,6,142,63.6,2024-04-25,1,1
C1329,34.0,Female,North,Secondary,Self-Employed,415495.3,291044.18,Other,662.239624,4,122,76.81,2019-02-14,1,0
C1330,40.31739130434783,Female,West,Post-Graduate,Salaried,209457.99,33766.8,Other,621.1845064,6,27,39.95,2018-10-28,0,0
C1331,43.0,Male,South,Secondary,Salaried,255247.46,83678.9,Education,588.4197968,0,149,86.77,2024-01-12,0,1
C1332,40.31739130434783,Male,East,Post-Graduate,Self-Employed,789378.83,449673.91,Business,633.1503064,1,114,93.44,2020-05-23,0,1
C1333,48.0,Male,West,Post-Graduate,Salaried,1187773.96,504979.54,Business,658.0219168,5,48,57.07,2023-09-04,0,1
C1334,54.0,Male,West,Graduate,Unemployed,494466.18,390883.44,Business,654.5572944,0,45,90.27,2020-12-22,0,1
C1335,22.0,Male,East,Secondary,Unemployed,284893.8,62164.84,Car,577.791504,5,147,20.08,2019-06-27,0,1
C1336,52.0,Female,North,Post-Graduate,Salaried,223817.81,178866.0,Home,548.9054248,0,54,87.07,2021-11-30,1,0
C1337,43.0,Male,East,Graduate,Salaried,638431.4485222222,366572.46,Home,592.0745158817778,4,56,43.33,2018-10-09,0,1
C1338,42.0,Female,West,Post-Graduate,Self-Employed,626063.62,335084.4,Education,649.0850896,3,74,43.36,2020-09-27,1,0
C1339,45.0,Female,North,Secondary,Salaried,407755.58,96111.03,Business,647.6204464,3,113,37.11,2022-02-22,0,0
C1340,42.0,Male,South,Secondary,Salaried,357700.21,130201.92,Business,651.6160168,5,122,43.78,2021-03-13,0,1
C1341,42.0,Male,South,Post-Graduate,Salaried,707509.48,534026.47,Other,629.6007584,7,113,36.01,2019-10-09,0,1
C1342,26.0,Male,South,Graduate,Unemployed,696884.64,287498.09,Car,648.7507712,7,99,87.94,2022-11-30,1,1
C1343,35.0,Male,West,Post-Graduate,Salaried,298605.5,178265.07,Car,638.88844,4,48,87.43,2024-02-04,1,1
C1344,57.0,Female,East,Graduate,Self-Employed,638431.4485222222,510552.23,Education,632.0745158817778,6,71,27.67,2021-05-24,0,0
C1345,53.0,Other,North,Graduate,Salaried,268190.68,95969.84,Home,663.4552544000001,4,71,30.71,2024-11-10,1,2
C1346,28.0,Male,South,Graduate,Salaried,377934.61,206219.46,Business,660.2347688,7,22,84.65,2023-12-07,0,1
C1347,25.0,Male,North,Graduate,Salaried,334575.55,206721.74,Education,613.766044,4,64,49.92,2018-02-02,0,1
C1348,59.0,Female,West,Graduate,Unemployed,1190579.37,355716.96,Car,670.2463496,1,78,32.7,2024-03-21,0,0
C1349,24.0,Male,South,Graduate,Salaried,370615.59,107183.34,Car,619.6492472,2,53,58.3,2021-05-11,1,1
C1350,40.31739130434783,Male,West,Graduate,Self-Employed,638431.4485222222,302479.08,Car,608.0745158817778,7,19,51.25,2019-03-01,0,1
C1351,52.0,Female,East,Graduate,Salaried,253615.95,109432.12,Business,576.289276,7,77,36.44,2019-07-05,0,0
C1352,50.0,Female,West,Post-Graduate,Salaried,441889.72,277740.62,Business,646.3511776,0,147,74.06,2020-12-19,0,0
C1353,55.0,Male,West,Secondary,Salaried,209457.99,43381.81,Business,609.3585816,4,52,67.35,2019-04-18,0,1
C1354,36.0,Male,East,Graduate,Salaried,473039.23,370531.62,Other,640.0686486114522,4,76,27.47,2019-03-15,1,1
C1355,33.0,Female,North,Secondary,Salaried,234470.43,48902.6,Home,638.7576344,4,117,89.4,2024-03-16,0,0
C1356,50.0,Male,East,Graduate,Self-Employed,924710.23,518568.34,Car,697.9768184,3,133,61.89,2019-09-29,0,1
C1357,39.0,Male,East,Graduate,Salaried,521314.76,280248.16,Car,634.7051808,4,139,38.77,2021-01-20,0,1
C1358,37.0,Female,West,Secondary,Salaried,638431.4485222222,179290.35,Other,677.0745158817778,7,57,35.47,2021-02-28,1,0
C1359,39.0,Male,North,Secondary,Salaried,1203457.09,1503663.96,Car,900.0,0,22,30.2,2024-10-13,0,1
C1360,48.0,Female,South,Secondary,Self-Employed,209457.99,59006.12,Car,640.0686486114522,6,16,51.85,2020-05-12,0,0
C1361,40.31739130434783,Male,East,Graduate,Salaried,1090039.68,798494.91,Business,733.2031744,6,52,30.17,2021-11-05,0,1
C1362,57.0,Other,North,Post-Graduate,Self-Employed,644388.92,238301.58,Business,587.5511136,4,34,51.19,2020-04-13,1,2
C1363,46.0,Male,East,Secondary,Salaried,701726.73,324743.96,Home,616.1381384,0,101,31.16,2025-02-10,0,1
C1364,43.0,Male,East,Graduate,Salaried,281694.67,116339.06,Car,665.5355736,1,11,69.26,2020-12-17,0,1
C1365,29.0,Male,East,Graduate,Salaried,638431.4485222222,155476.07,Education,693.0745158817778,6,96,78.89,2023-09-02,1,1
C1366,32.0,Male,East,Graduate,Self-Employed,541746.51,327172.93,Car,679.3397208,7,117,61.21,2023-06-25,0,1
C1367,21.0,Female,West,Post-Graduate,Salaried,428994.19,298200.62,Car,585.3195352,2,7,71.0,2020-10-25,0,0
C1368,21.0,Male,North,Graduate,Salaried,638431.4485222222,244473.03,Home,597.0745158817778,3,111,90.38,2018-07-28,0,1
C1369,54.0,Male,North,Graduate,Salaried,1203457.09,1780209.55,Education,823.3423776,0,67,67.88,2019-01-14,0,1
C1370,52.0,Male,North,Secondary,Self-Employed,774293.35,190097.48,Car,616.9434679999999,6,138,47.31,2025-02-11,0,1
C1371,45.0,Female,East,Secondary,Salaried,616196.53,367915.19,Education,628.2957224,6,106,53.71,2022-10-01,1,0
C1372,21.0,Female,West,Graduate,Salaried,1007151.99,472290.64,Business,620.5721592,5,19,84.54,2021-02-07,0,0
C1373,36.0,Male,East,Secondary,Salaried,696836.24,326092.28,Business,591.7468992,1,95,29.8,2018-06-30,0,1
C1374,59.0,Male,East,Graduate,Salaried,638431.4485222222,302991.5,Education,687.0745158817778,2,85,44.43,2018-01-15,1,1
C1375,25.0,Male,North,Graduate,Self-Employed,972261.92,345356.25,Car,691.7809536,2,150,63.3,2021-09-28,1,1
C1376,42.0,Female,East,Graduate,Self-Employed,781303.38,491703.67,Education,630.5042704,2,65,70.73,2019-06-20,0,0
C1377,49.0,Male,South,Secondary,Salaried,343998.58,217732.5,Education,639.5198864,7,124,77.26,2020-12-08,0,1
C1378,23.0,Female,East,Graduate,Salaried,755026.46,278935.67,Business,705.4021168,0,65,43.87,2019-10-24,0,0
C1379,32.0,Male,South,Graduate,Salaried,428345.97,300349.29,Education,602.2676776,1,57,30.94,2022-12-15,0,1
C1380,46.0,Female,East,Post-Graduate,Salaried,548346.69,213913.86,Other,637.8677352,4,30,91.61,2024-03-09,0,0
C1381,36.0,Male,West,Secondary,Salaried,679972.58,431820.58,Other,613.3978064,5,119,25.73,2022-10-18,0,1
C1382,57.0,Male,West,Post-Graduate,Self-Employed,1037862.36,282921.13,Business,653.0289888,1,44,27.19,2024-04-16,0,1
C1383,40.31739130434783,Male,North,Graduate,Unemployed,342731.36,103237.88,Car,572.4185088,1,92,57.12,2018-02-09,0,1
C1384,49.0,Female,East,Graduate,Unemployed,597631.25,232763.86,Car,679.8105,6,120,81.45,2019-04-04,0,0
C1385,34.0,Male,South,Graduate,Unemployed,638431.4485222222,355174.9,Business,640.0686486114522,1,140,78.09,2018-11-05,0,1
C1386,48.0,Male,South,Secondary,Self-Employed,443819.79,260658.42,Car,655.5055832,0,25,90.33,2019-09-03,0,1
C1387,25.0,Male,East,Secondary,Self-Employed,544763.06,238504.73,Home,619.5810448,5,47,30.62,2024-02-13,0,1
C1388,50.0,Male,South,Graduate,Salaried,1203457.09,365221.27,Other,690.43246,0,25,48.18,2018-05-28,0,1
C1389,40.31739130434783,Female,West,Graduate,Self-Employed,694267.5,294494.94,Home,696.5414,5,135,41.16,2022-02-21,0,0
C1390,32.0,Female,South,Post-Graduate,Salaried,217360.13,133298.38,Home,561.3888104,5,35,84.57,2024-07-13,0,0
C1391,36.0,Female,North,Graduate,Salaried,315680.94,190228.47,Home,640.0686486114522,6,31,56.63,2024-03-13,1,0
C1392,46.0,Male,West,Secondary,Self-Employed,714450.2,211561.46,Business,641.156016,0,77,22.01,2019-08-30,0,1
C1393,46.0,Female,West,Graduate,Salaried,617017.52,126285.21,Home,638.3614016,5,101,73.1,2022-10-27,0,0
C1394,41.0,Male,West,Graduate,Salaried,534677.44,348496.86,Education,690.7741952,1,94,49.15,2019-06-07,0,1
C1395,59.0,Male,East,Graduate,Unemployed,1203457.09,423449.05,Car,761.4050056,0,48,59.84,2018-06-21,0,1
C1396,56.0,Male,East,Graduate,Salaried,348147.69,86831.34,Business,653.8518152,5,47,87.03,2021-06-16,0,1
C1397,53.0,Male,West,Post-Graduate,Salaried,469335.15,94627.7,Education,581.546812,7,35,39.26,2022-02-02,0,1
C1398,50.0,Female,East,Post-Graduate,Unemployed,209457.99,76328.78,Education,644.2872568,2,121,38.02,2018-06-13,0,0
C1399,57.0,Female,South,Graduate,Self-Employed,925753.18,464689.53,Other,667.0602544,0,80,39.74,2022-01-05,0,0
C1400,43.0,Female,East,Graduate,Salaried,315095.56,183574.18,Other,583.2076448,6,149,45.36,2020-05-10,1,0
C1401,30.0,Male,East,Post-Graduate,Salaried,874515.43,330250.52,Education,634.9612344,7,147,28.05,2020-10-19,0,1
C1402,25.0,Male,West,Graduate,Salaried,825394.37,516907.21,Other,667.0315496000001,7,38,72.29,2019-02-26,0,1
C1403,56.0,Male,North,Secondary,Unemployed,1203457.09,536782.37,Car,714.3830088,3,84,35.55,2021-12-19,0,1
C1404,54.0,Male,North,Graduate,Self-Employed,698787.22,488587.85,Car,603.9029776,0,8,89.46,2024-04-12,1,1
C1405,51.0,Male,North,Secondary,Salaried,401977.89,218317.81,Other,673.1582312,7,76,36.18,2022-07-23,1,1
C1406,30.0,Male,South,Graduate,Salaried,627496.03,345332.33,Home,680.1996824,0,102,39.17,2024-12-17,0,1
C1407,39.0,Male,East,Graduate,Salaried,322033.52,104939.53,Education,557.7626816,0,114,42.28,2019-09-26,0,1
C1408,52.0,Male,North,Graduate,Unemployed,582764.3,142465.62,Car,581.621144,5,32,77.64,2020-08-27,0,1
C1409,21.0,Female,West,Secondary,Salaried,437793.94,209631.01,Other,657.0235152,0,134,52.07,2019-10-28,0,0
C1410,25.0,Other,North,Graduate,Salaried,470388.32,267823.67,Other,592.6310656,3,21,81.45,2019-12-27,0,2
C1411,24.0,Female,North,Graduate,Salaried,298312.96,76674.75,Car,664.8650368,4,62,78.86,2022-08-16,0,0
C1412,40.31739130434783,Female,East,Graduate,Self-Employed,576796.81,444318.51,Car,684.1437448,0,131,89.71,2018-04-12,1,0
C1413,44.0,Male,East,Graduate,Unemployed,638431.4485222222,503242.71,Home,655.0745158817778,2,13,76.75,2020-01-05,0,1
C1414,36.0,Female,East,Graduate,Self-Employed,209457.99,103913.27,Other,643.766112,3,35,23.89,2021-09-22,1,0
C1415,22.0,Female,South,Secondary,Salaried,334795.12,257806.13,Other,627.7836096,4,92,82.8,2022-08-14,0,0
C1416,40.31739130434783,Male,South,Secondary,Self-Employed,536287.64,164998.09,Business,606.9030112,5,66,90.36,2020-10-13,0,1
C1417,52.0,Male,North,Post-Graduate,Self-Employed,209457.99,28941.5,Home,566.7563032,0,23,94.53,2020-12-28,0,1
C1418,47.0,Female,East,Post-Graduate,Salaried,1203457.09,284774.62,Car,748.8663352,4,85,29.4,2019-10-15,0,0
C1419,40.0,Male,North,Graduate,Unemployed,330674.26,182700.0,Car,561.4539408,2,111,66.0,2019-03-19,0,1
C1420,44.0,Male,West,Secondary,Self-Employed,291866.52,69168.03,Education,561.3493216,3,59,34.96,2022-04-16,0,1
C1421,32.0,Male,West,Graduate,Unemployed,638431.4485222222,494865.69,Car,635.0745158817778,3,116,39.69,2018-06-08,1,1
C1422,40.31739130434783,Male,East,Graduate,Self-Employed,527315.89,150369.36,Other,608.1852712,5,127,75.92,2023-04-12,0,1
C1423,53.0,Male,East,Post-Graduate,Salaried,322526.28,123473.92,Car,623.8021024,5,69,93.33,2020-06-30,0,1
C1424,53.0,Male,West,Secondary,Salaried,838380.65,581425.94,Other,716.070452,5,128,64.61,2020-03-28,0,1
C1425,57.0,Male,East,Secondary,Salaried,638431.4485222222,211476.71,Other,634.0745158817778,4,7,83.79,2023-03-01,1,1
C1426,32.0,Male,South,Graduate,Unemployed,308512.29,106677.71,Home,610.6809832,0,142,20.67,2021-12-03,0,1
C1427,23.0,Female,South,Graduate,Self-Employed,366838.58,214741.94,Car,601.3470864,1,25,22.75,2021-06-04,0,0
C1428,21.0,Male,East,Graduate,Self-Employed,212304.46,77629.48,Home,610.9843568,7,41,64.75,2020-07-21,0,1
C1429,53.0,Male,West,Secondary,Salaried,245404.34,81098.42,Other,573.6323472,3,19,49.17,2020-07-02,0,1
C1430,30.0,Male,North,Graduate,Salaried,605118.19,213308.17,Car,629.4094552,1,91,86.73,2018-04-07,1,1
C1431,49.0,Female,East,Post-Graduate,Self-Employed,310278.17,153397.96,Car,668.8222536,6,124,42.65,2020-03-02,0,0
C1432,33.0,Male,East,Post-Graduate,Salaried,638431.4485222222,1991037.64,Home,683.0745158817778,3,141,52.4,2022-06-21,0,1
C1433,32.0,Male,North,Graduate,Salaried,638431.4485222222,446482.41,Home,658.0745158817778,7,48,59.59,2021-09-06,0,1
C1434,51.0,Female,East,Graduate,Self-Employed,232337.68,86142.95,Other,606.5870144,5,43,40.48,2021-02-15,0,0
C1435,22.0,Female,North,Secondary,Salaried,260708.71,108982.48,Other,640.0686486114522,7,137,88.14,2018-10-12,0,0
C1436,55.0,Male,West,Graduate,Salaried,638431.4485222222,305621.83,Car,663.0745158817778,0,29,54.84,2021-02-17,0,1
C1437,43.0,Female,South,Graduate,Salaried,638431.4485222222,502673.97,Car,619.0745158817778,0,60,51.81,2021-12-09,0,0
C1438,37.0,Male,West,Graduate,Salaried,843737.88,256019.0,Business,609.4990304,3,125,83.73,2023-09-18,0,1
C1439,46.0,Male,South,Graduate,Unemployed,399684.84,165665.31,Business,640.0686486114522,4,94,43.4,2022-06-26,0,1
C1440,28.0,Male,North,Secondary,Salaried,359285.4,229100.37,Education,635.742832,6,68,81.31,2024-01-06,0,1
C1441,49.0,Male,South,Secondary,Salaried,905005.28,704425.56,Other,711.4004224,7,93,29.17,2021-09-18,0,1
C1442,46.0,Female,West,Graduate,Salaried,304913.21,89463.1,Education,653.3930568,5,116,33.71,2018-04-24,1,0
C1443,30.0,Male,South,Secondary,Self-Employed,638431.4485222222,214786.2,Education,625.0745158817778,0,80,91.31,2019-04-18,1,1
C1444,46.0,Male,North,Secondary,Salaried,435181.74,145967.27,Home,593.8145392,6,141,83.18,2020-12-05,0,1
C1445,54.0,Female,South,Post-Graduate,Self-Employed,638431.4485222222,135704.49,Home,688.0745158817778,6,142,49.09,2020-01-02,0,0
C1446,27.0,Female,East,Graduate,Salaried,1203457.09,747692.89,Business,671.3443344,0,14,67.88,2024-07-06,0,0
C1447,24.0,Male,West,Graduate,Salaried,394077.27,237400.76,Education,652.5261816,2,66,90.72,2020-12-23,1,1
C1448,31.0,Female,East,Post-Graduate,Salaried,361881.4,203202.03,Business,635.950512,7,94,35.89,2018-06-06,1,0
C1449,49.0,Male,North,Post-Graduate,Self-Employed,705170.3,171210.97,Other,623.413624,6,64,24.43,2019-03-21,0,1
C1450,40.31739130434783,Female,South,Graduate,Unemployed,638431.4485222222,154205.5,Car,594.0745158817778,0,111,60.31,2024-09-09,0,0
C1451,45.0,Female,East,Post-Graduate,Salaried,638431.4485222222,208276.73,Home,611.0745158817778,2,42,30.69,2022-11-15,0,0
C1452,41.0,Other,East,Graduate,Salaried,1083072.43,405260.48,Other,640.0686486114522,0,138,34.05,2021-11-16,0,2
C1453,56.0,Male,South,Graduate,Unemployed,282231.86,189638.98,Other,614.5785488,0,147,86.87,2021-07-08,0,1
C1454,30.0,Male,South,Graduate,Salaried,209457.99,60515.14,Home,640.0686486114522,6,51,20.56,2022-11-23,0,1
C1455,57.0,Male,West,Graduate,Self-Employed,258249.79,58482.04,Home,619.6599831999999,4,137,81.26,2024-10-19,1,1
C1456,29.0,Male,East,Graduate,Salaried,260418.88,113644.85,Education,608.8335104,4,82,58.77,2023-09-26,0,1
C1457,44.0,Male,East,Graduate,Salaried,759919.9,341838.8,Business,650.793592,5,57,61.95,2019-04-19,0,1
C1458,55.0,Female,North,Secondary,Self-Employed,1146292.84,539381.68,Other,622.7034272,7,66,70.38,2022-04-27,0,0
C1459,55.0,Male,West,Graduate,Unemployed,755072.78,525637.97,Education,606.4058224,0,27,52.36,2024-06-19,0,1
C1460,56.0,Male,North,Secondary,Self-Employed,429378.58,111124.57,Education,651.3502864,7,48,28.67,2020-02-18,1,1
C1461,38.0,Female,East,Graduate,Salaried,590292.91,367377.79,Other,659.2234328,5,56,27.71,2020-11-09,0,0
C1462,59.0,Male,North,Graduate,Unemployed,303040.6,122054.86,Other,634.243248,5,50,76.58,2018-07-01,0,1
C1463,52.0,Female,East,Graduate,Salaried,894003.01,345074.51,Car,614.5202408,5,88,36.58,2022-11-22,0,0
C1464,44.0,Male,East,Post-Graduate,Salaried,620087.53,470972.52,Business,663.6070024,5,51,22.11,2018-01-07,0,1
C1465,43.0,Male,North,Post-Graduate,Self-Employed,748075.2,261138.92,Other,645.846016,3,95,93.47,2023-10-31,0,1
C1466,52.0,Male,North,Graduate,Self-Employed,327700.5,191874.9,Home,559.21604,6,56,93.53,2024-01-15,1,1
C1467,40.31739130434783,Male,South,Graduate,Unemployed,445642.15,162693.55,Car,607.651372,6,28,48.36,2020-03-18,0,1
C1468,32.0,Female,South,Graduate,Salaried,728534.48,367389.98,Business,677.2827584,3,149,21.91,2022-01-31,0,0
C1469,40.31739130434783,Male,South,Secondary,Self-Employed,1081578.49,726578.19,Home,729.5262792,0,93,74.54,2022-11-02,1,1
C1470,43.0,Male,East,Secondary,Self-Employed,349949.85,255125.17,Home,581.995988,3,68,82.33,2018-10-14,0,1
C1471,45.0,Male,North,Graduate,Salaried,751065.8,528163.25,Business,693.085264,0,123,29.38,2021-09-14,0,1
C1472,55.0,Male,West,Graduate,Salaried,330499.53,181546.18,Car,632.4399624,4,68,30.16,2024-12-27,0,1
C1473,50.0,Female,East,Graduate,Salaried,1203457.09,547218.37,Home,683.3328064,6,90,81.67,2021-07-09,0,0
C1474,37.0,Male,West,Post-Graduate,Salaried,389199.14,232250.71,Education,586.1359312,1,60,89.14,2019-05-26,1,1
C1475,40.0,Female,North,Secondary,Salaried,638431.4485222222,399621.71,Business,669.0745158817778,2,63,79.31,2021-05-15,0,0
C1476,45.0,Other,East,Secondary,Self-Employed,535569.15,110549.61,Business,688.845532,6,137,35.06,2023-09-09,0,2
C1477,42.0,Male,West,Post-Graduate,Self-Employed,1203457.09,949816.96,Other,732.9288991999999,3,129,50.86,2021-06-20,0,1
C1478,33.0,Female,West,Secondary,Unemployed,554846.0,391697.54,Car,583.38768,3,51,65.06,2022-07-31,0,0
C1479,40.31739130434783,Male,South,Graduate,Salaried,368324.34,181861.08,Education,606.4659472,4,125,32.02,2021-08-29,0,1
C1480,56.0,Male,South,Graduate,Self-Employed,695042.71,268860.08,Education,670.6034168,3,106,35.8,2022-07-07,0,1
C1481,32.0,Male,South,Graduate,Salaried,686583.05,496453.55,Other,608.926644,0,48,41.22,2021-04-26,1,1
C1482,40.31739130434783,Female,East,Secondary,Salaried,638431.4485222222,187397.77,Home,640.0686486114522,0,19,58.21,2024-03-20,0,0
C1483,32.0,Other,North,Secondary,Salaried,267768.69,86721.48,Home,632.4214952,1,109,58.31,2019-06-06,0,2
C1484,29.0,Male,North,Secondary,Unemployed,365711.71,223970.42,Education,675.2569368,1,55,81.07,2020-02-25,0,1
C1485,40.31739130434783,Female,South,Graduate,Salaried,793988.63,326695.8,Car,680.5190904,6,57,76.48,2022-09-19,0,0
C1486,48.0,Male,South,Graduate,Salaried,209457.99,117405.09,Home,641.9605864,1,38,88.53,2022-04-02,0,1
C1487,34.0,Male,South,Secondary,Self-Employed,426588.34,125682.38,Business,668.1270672,0,128,82.47,2019-12-14,0,1
C1488,51.0,Male,West,Graduate,Salaried,845070.35,296925.15,Other,623.605628,7,81,39.04,2024-11-26,0,1
C1489,39.0,Other,South,Post-Graduate,Self-Employed,464435.09,136538.54,Car,617.1548072,5,140,44.85,2024-05-20,0,2
C1490,36.0,Female,West,Secondary,Salaried,1203457.09,1247236.7,Home,699.2898336,5,127,57.53,2021-05-17,0,0
C1491,25.0,Male,North,Graduate,Self-Employed,209457.99,83017.26,Education,573.9836328,1,74,21.07,2022-07-22,0,1
C1492,55.0,Male,East,Graduate,Salaried,288153.23,115933.25,Other,572.0522584,1,25,87.79,2024-02-23,0,1
C1493,32.0,Male,East,Graduate,Salaried,209457.99,28545.01,Home,639.9514024,0,112,23.33,2018-01-02,1,1
C1494,45.0,Male,East,Graduate,Salaried,1203457.09,427496.52,Education,753.1020632,4,112,44.18,2021-05-29,0,1
C1495,41.0,Male,East,Graduate,Salaried,290761.05,131622.15,Home,573.260884,6,139,62.69,2021-03-21,1,1
C1496,56.0,Female,West,Post-Graduate,Salaried,209457.99,39523.74,Other,649.11438,3,94,58.84,2020-05-10,0,0
C1497,43.0,Male,West,Post-Graduate,Salaried,349215.46,176857.93,Business,564.9372368,6,83,69.08,2022-10-27,1,1
C1498,36.0,Male,South,Graduate,Salaried,227283.86,107507.37,Business,555.1827088,2,46,59.56,2024-07-03,0,1
C1499,59.0,Male,West,Graduate,Salaried,638431.4485222222,421556.85,Education,677.0745158817778,5,56,37.18,2024-10-20,0,1
C1500,59.0,Female,South,Graduate,Self-Employed,500156.38,298033.99,Business,638.0125104,7,106,35.08,2021-08-12,1,0
C1501,34.0,Female,South,Graduate,Unemployed,761242.01,355932.7,Other,640.0686486114522,5,109,88.04,2023-03-20,0,0
C1502,51.0,Male,East,Graduate,Salaried,444156.42,594807.92,Education,567.5325136,0,83,39.8,2022-12-15,0,1
C1503,25.0,Female,West,Secondary,Self-Employed,495791.07,315381.69,Home,588.6632856,6,116,41.07,2022-12-17,1,0
C1504,55.0,Male,West,Graduate,Self-Employed,355088.6,221829.98,Car,613.407088,7,108,50.97,2020-05-25,0,1
C1505,43.0,Male,South,Graduate,Salaried,212897.47,62161.31,Home,577.0317976,0,20,30.46,2023-09-25,0,1
C1506,49.0,Male,South,Graduate,Self-Employed,209457.99,132612.65,Other,552.1670512,2,100,58.05,2023-04-23,0,1
C1507,31.0,Male,North,Post-Graduate,Salaried,638431.4485222222,152357.24,Education,670.0745158817778,7,41,69.88,2019-11-27,0,1
C1508,38.0,Male,North,Secondary,Salaried,512241.71,119363.91,Home,670.9793368,6,150,78.95,2018-12-14,0,1
C1509,32.0,Female,South,Graduate,Salaried,384139.87,120009.23,Education,613.7311896,7,50,73.36,2021-03-08,1,0
C1510,29.0,Female,North,Secondary,Self-Employed,209457.99,134781.02,Business,621.46,2,6,31.07,2023-10-13,0,0
C1511,30.0,Female,North,Post-Graduate,Self-Employed,546216.15,279662.05,Car,611.6972920000001,1,123,54.21,2025-02-05,0,0
C1512,40.31739130434783,Male,South,Graduate,Salaried,1197944.45,805934.56,Other,680.835556,6,91,22.89,2024-12-11,0,1
C1513,58.0,Male,South,Graduate,Salaried,459063.77,154569.49,Home,597.7251016,2,98,21.33,2021-10-04,1,1
C1514,27.0,Female,West,Graduate,Unemployed,355492.06,175660.42,Car,640.0686486114522,3,7,53.01,2019-01-18,0,0
C1515,33.0,Male,South,Graduate,Salaried,472942.11,196258.53,Other,674.8353688,3,115,38.97,2020-08-20,1,1
C1516,29.0,Male,South,Post-Graduate,Salaried,638431.4485222222,444793.38,Other,687.0745158817778,5,5,71.25,2021-06-25,0,1
C1517,47.0,Male,East,Graduate,Unemployed,257070.46,54900.65,Business,651.5656368,3,109,74.32,2020-07-09,1,1
C1518,22.0,Female,West,Graduate,Salaried,626734.16,217041.57,Education,640.0686486114522,6,26,87.16,2020-03-26,0,0
C1519,25.0,Male,West,Post-Graduate,Self-Employed,842961.73,245760.89,Education,682.4369384,3,146,77.05,2019-08-27,0,1
C1520,49.0,Male,West,Graduate,Self-Employed,450942.86,322655.67,Car,604.0754288,3,138,23.62,2018-04-11,0,1
C1521,57.0,Female,East,Secondary,Unemployed,209457.99,79344.62,Business,655.2096192,7,69,47.87,2018-07-09,0,0
C1522,58.0,Male,South,Graduate,Salaried,593826.17,262787.1,Other,627.5060936,1,25,40.48,2020-09-29,0,1
C1523,39.0,Male,West,Post-Graduate,Salaried,1203457.09,715958.22,Business,742.9457496,5,8,48.96,2023-05-01,0,1
C1524,28.0,Male,West,Graduate,Salaried,427562.61,334847.68,Business,608.2050088,0,135,32.01,2024-11-08,0,1
C1525,21.0,Male,North,Secondary,Unemployed,443381.04,314871.67,Car,595.4704832,5,117,27.33,2018-10-26,0,1
C1526,42.0,Female,West,Graduate,Self-Employed,302565.05,188746.51,Education,612.205204,5,34,59.07,2023-02-09,0,0
C1527,37.0,Male,South,Graduate,Salaried,637140.01,238473.46,Business,593.9712008,5,35,74.03,2022-08-25,0,1
C1528,27.0,Male,South,Secondary,Unemployed,338053.38,101113.05,Business,643.0442704,2,24,72.64,2025-01-23,1,1
C1529,45.0,Female,North,Graduate,Salaried,857542.52,645609.61,Business,706.6034016,0,58,53.82,2024-06-15,1,0
C1530,24.0,Female,West,Post-Graduate,Salaried,340554.58,154559.1,Home,599.2443664,2,130,59.17,2020-03-07,0,0
C1531,56.0,Male,West,Graduate,Salaried,590063.42,216702.84,Business,652.2050736,1,19,58.72,2022-04-22,0,1
C1532,40.31739130434783,Male,West,Graduate,Salaried,476637.09,230002.42,Business,633.1309672,1,61,71.87,2023-07-18,0,1
C1533,51.0,Male,East,Graduate,Unemployed,1150044.72,863348.29,Other,734.0035776,4,83,23.59,2022-06-25,0,1
C1534,39.0,Other,West,Secondary,Salaried,612444.54,264723.27,Home,590.9955632,4,18,73.24,2020-09-26,0,2
C1535,59.0,Female,South,Post-Graduate,Self-Employed,1048482.07,563647.81,Business,647.8785656,7,95,63.67,2019-08-28,0,0
C1536,47.0,Male,South,Graduate,Self-Employed,519043.47,353873.34,Business,574.5234776,1,18,34.86,2018-01-23,0,1
C1537,30.0,Male,East,Graduate,Salaried,445117.17,203097.85,Car,640.0686486114522,1,103,23.68,2019-03-13,1,1
C1538,46.0,Male,East,Graduate,Unemployed,478779.33,162844.86,Car,640.0686486114522,2,37,28.14,2022-10-08,0,1
C1539,39.0,Female,West,Graduate,Salaried,319887.59,254859.38,Home,572.5910072,7,5,59.35,2020-06-15,0,0
C1540,59.0,Male,North,Graduate,Salaried,655017.89,506946.19,Other,700.4014312,1,38,76.88,2019-12-22,0,1
C1541,23.0,Male,East,Secondary,Salaried,334470.15,236165.19,Home,579.757612,6,23,45.1,2023-10-23,0,1
C1542,33.0,Male,East,Post-Graduate,Unemployed,520140.72,318858.92,Home,673.6112576,0,8,48.43,2023-03-18,0,1
C1543,48.0,Female,West,Post-Graduate,Salaried,782587.55,294972.41,Car,685.607004,2,81,90.06,2018-07-25,0,0
C1544,40.0,Female,West,Graduate,Salaried,1168173.41,873849.51,Car,721.4538728,1,62,35.98,2024-04-02,1,0
C1545,48.0,Male,East,Post-Graduate,Salaried,534759.85,195365.96,Other,589.780788,2,141,27.78,2020-10-17,0,1
C1546,28.0,Female,North,Secondary,Salaried,785176.55,534301.41,Business,600.814124,2,107,45.76,2019-05-13,1,0
C1547,59.0,Other,East,Graduate,Self-Employed,735303.24,552179.57,Other,640.0686486114522,3,71,75.94,2023-02-13,0,2
C1548,21.0,Male,West,Graduate,Salaried,396207.21,222590.12,Business,675.6965768,7,120,66.96,2019-07-01,0,1
C1549,23.0,Male,West,Graduate,Salaried,1203457.09,1062699.0,Education,670.687172,4,124,51.18,2023-03-19,1,1
C1550,33.0,Male,East,Graduate,Salaried,356135.58,240397.59,Car,603.4908464,7,26,92.36,2023-12-16,0,1
C1551,48.0,Female,North,Graduate,Salaried,514035.21,162380.97,Education,678.1228168,2,116,75.12,2024-04-08,0,0
C1552,45.0,Male,East,Secondary,Unemployed,1087906.61,653564.99,Education,640.0686486114522,7,79,24.64,2024-09-04,1,1
C1553,53.0,Female,East,Graduate,Salaried,1073250.05,274838.69,Car,721.860004,5,140,75.85,2021-07-23,0,0
C1554,58.0,Female,West,Secondary,Unemployed,492808.64,248725.49,Education,623.4246912,6,147,21.8,2022-12-18,0,0
C1555,26.0,Male,North,Graduate,Salaried,843005.88,250660.49,Home,703.4404704,6,36,68.77,2024-11-14,1,1
C1556,40.31739130434783,Female,South,Secondary,Salaried,432274.13,194441.1,Business,634.5819304,2,71,35.79,2023-08-30,0,0
C1557,41.0,Male,North,Secondary,Unemployed,373706.72,261515.94,Other,640.0686486114522,5,8,72.23,2022-10-14,0,1
C1558,36.0,Male,East,Graduate,Salaried,250939.21,198819.31,Car,555.0751368,6,34,43.23,2024-02-23,0,1
C1559,41.0,Female,East,Graduate,Self-Employed,728057.09,284507.16,Home,599.2445672,3,17,85.48,2023-01-01,0,0
C1560,31.0,Female,East,Post-Graduate,Unemployed,771484.23,400534.11,Other,704.7187384,1,25,45.27,2019-10-14,0,0
C1561,57.0,Male,North,Graduate,Salaried,357775.47,181313.03,Other,610.6220376,2,45,66.48,2023-04-29,1,1
C1562,56.0,Male,West,Graduate,Salaried,566626.15,437798.54,Other,634.330092,3,125,41.44,2023-01-18,0,1
C1563,55.0,Female,East,Post-Graduate,Self-Employed,1203457.09,1023625.13,Education,768.1001128,7,23,88.79,2020-11-27,0,0
C1564,39.0,Male,East,Graduate,Salaried,918663.58,569078.76,Education,661.4930864,0,52,78.57,2020-10-09,1,1
C1565,40.0,Other,North,Secondary,Salaried,638431.4485222222,480785.83,Education,634.0745158817778,7,90,38.25,2021-02-09,0,2
C1566,38.0,Male,South,Graduate,Salaried,848189.41,359655.33,Education,640.8551528,3,67,91.16,2023-11-06,0,1
C1567,34.0,Male,South,Post-Graduate,Salaried,298559.95,221314.53,Home,658.884796,4,41,46.79,2023-06-08,0,1
C1568,35.0,Male,West,Graduate,Self-Employed,209457.99,74651.01,Education,574.957748,4,35,68.89,2025-01-11,0,1
C1569,40.31739130434783,Female,West,Graduate,Salaried,483483.91,366672.99,Car,665.6787128,1,78,75.71,2020-09-06,1,0
C1570,21.0,Female,East,Secondary,Salaried,1155173.15,418481.93,Other,737.413852,7,150,21.72,2021-01-29,0,0
C1571,23.0,Male,North,Secondary,Salaried,1054520.14,464213.85,Home,616.3616112,5,111,91.92,2022-12-07,0,1
C1572,36.0,Male,East,Graduate,Salaried,601678.99,434555.16,Education,642.1343192,1,107,45.83,2018-11-14,0,1
C1573,43.0,Female,West,Graduate,Salaried,362960.33,150808.96,Other,649.0368264,6,114,34.23,2021-03-16,0,0
C1574,31.0,Male,North,Secondary,Self-Employed,638928.18,357896.78,Home,696.1142544,5,24,83.8,2020-08-18,0,1
C1575,32.0,Female,North,Post-Graduate,Salaried,421663.09,114200.15,Other,585.7330472,5,143,72.72,2021-01-17,0,0
C1576,30.0,Female,West,Post-Graduate,Self-Employed,368608.13,86167.68,Home,640.0686486114522,5,90,26.51,2021-10-07,0,0
C1577,52.0,Male,South,Graduate,Unemployed,876858.76,392128.08,Business,692.1487008,5,48,28.78,2021-08-02,1,1
C1578,36.0,Other,South,Post-Graduate,Salaried,366106.78,200388.52,Home,613.2885424,4,86,73.64,2024-01-22,0,2
C1579,28.0,Male,North,Secondary,Salaried,908890.68,395930.47,Education,648.7112544,7,68,25.61,2018-11-27,0,1
C1580,58.0,Other,East,Graduate,Salaried,353026.26,192978.79,Other,676.2421008,6,126,88.79,2019-07-21,1,2
C1581,32.0,Female,South,Graduate,Salaried,638431.4485222222,324993.93,Other,674.0745158817778,4,91,75.62,2019-09-10,0,0
C1582,44.0,Female,East,Post-Graduate,Unemployed,209457.99,121259.36,Other,592.86582,2,69,45.16,2020-08-05,0,0
C1583,48.0,Male,South,Post-Graduate,Unemployed,288882.95,170359.9,Car,560.110636,6,59,47.22,2022-04-18,1,1
C1584,28.0,Male,South,Graduate,Salaried,448896.55,204044.77,Car,589.911724,4,78,57.99,2019-09-18,0,1
C1585,48.0,Male,East,Post-Graduate,Self-Employed,638431.4485222222,290484.49,Education,654.0745158817778,1,121,47.07,2020-05-26,0,1
C1586,56.0,Male,West,Secondary,Unemployed,638431.4485222222,181612.68,Business,622.0745158817778,4,133,78.76,2018-09-21,0,1
C1587,46.0,Male,South,Post-Graduate,Salaried,209457.99,83795.96,Car,654.1976912,6,141,93.11,2022-08-27,1,1
C1588,28.0,Male,South,Post-Graduate,Salaried,416378.9,229969.18,Home,651.310312,6,99,63.84,2022-07-28,0,1
C1589,48.0,Male,East,Secondary,Salaried,422231.7,205159.7,Education,584.778536,1,149,53.45,2021-09-17,0,1
C1590,48.0,Female,West,Graduate,Salaried,587217.0,232199.93,Business,630.97736,0,103,36.71,2024-02-01,0,0
C1591,57.0,Female,South,Secondary,Unemployed,438734.26,277714.02,Home,617.0987408,7,116,69.01,2023-03-24,0,0
C1592,56.0,Male,South,Graduate,Salaried,576501.98,141125.95,Other,685.1201584,6,56,71.42,2022-08-31,1,1
C1593,47.0,Female,West,Graduate,Self-Employed,381696.46,285762.48,Car,624.5357168,4,150,71.39,2018-09-13,0,0
C1594,37.0,Male,South,Graduate,Salaried,724435.98,153860.11,Home,664.9548784,1,37,22.02,2020-04-27,0,1
C1595,29.0,Female,West,Post-Graduate,Salaried,677978.26,527067.13,Business,692.2382608,5,8,87.43,2022-09-17,0,0
C1596,53.0,Male,West,Graduate,Salaried,408529.36,195037.37,Education,640.0686486114522,7,91,45.36,2022-05-15,0,1
C1597,40.0,Male,East,Graduate,Unemployed,638431.4485222222,285763.17,Home,658.0745158817778,6,79,75.81,2024-07-20,1,1
C1598,33.0,Female,North,Post-Graduate,Salaried,440270.56,155796.96,Education,629.2216448,7,13,76.99,2018-03-22,0,0
C1599,48.0,Male,West,Post-Graduate,Self-Employed,638431.4485222222,131544.13,Other,606.0745158817778,7,68,68.79,2024-06-16,0,1
C1600,49.0,Male,East,Secondary,Salaried,638431.4485222222,232947.14,Business,686.0745158817778,3,34,49.61,2022-04-08,0,1
C1601,33.0,Female,North,Post-Graduate,Salaried,296929.84,78876.43,Business,578.7543872,7,140,65.63,2023-05-08,0,0
C1602,55.0,Male,South,Secondary,Salaried,799389.17,476350.02,Car,605.9511336,5,137,23.01,2018-01-25,0,1
C1603,26.0,Male,North,Post-Graduate,Salaried,584326.23,228731.57,Business,596.7460984,2,80,77.14,2021-12-11,0,1
C1604,38.0,Male,West,Graduate,Salaried,466733.04,308187.37,Home,640.0686486114522,7,133,27.47,2021-05-08,1,1
C1605,40.31739130434783,Female,West,Secondary,Salaried,209457.99,56449.62,Home,564.93174,6,19,49.76,2022-05-17,0,0
C1606,45.0,Male,West,Graduate,Salaried,1140366.27,844031.73,Home,721.2293016,1,93,27.77,2022-09-13,0,1
C1607,22.0,Male,West,Graduate,Salaried,400427.25,205735.08,Other,572.03418,5,132,82.78,2024-01-14,0,1
C1608,30.0,Female,West,Graduate,Unemployed,693155.73,186253.52,Business,630.4524584,4,30,61.27,2024-02-15,1,0
C1609,50.0,Female,East,Secondary,Unemployed,459233.57,202295.67,Business,636.7386856,4,65,71.82,2024-10-06,0,0
C1610,25.0,Male,West,Graduate,Salaried,421135.77,136471.71,Home,663.6908616,6,127,71.19,2020-06-22,0,1
C1611,40.31739130434783,Male,East,Post-Graduate,Self-Employed,543640.96,173862.5,Car,640.0686486114522,0,71,83.12,2023-06-23,0,1
C1612,21.0,Male,South,Graduate,Unemployed,496140.66,249966.5,Car,639.6912528,3,30,29.94,2020-06-17,0,1
C1613,38.0,Male,West,Secondary,Salaried,422166.04,254623.2,Business,663.7732832,6,87,69.48,2021-01-22,1,1
C1614,52.0,Male,West,Graduate,Self-Employed,638431.4485222222,476889.73,Business,595.0745158817778,1,112,63.14,2022-11-21,0,1
C1615,31.0,Female,North,Secondary,Unemployed,618396.77,310000.57,Education,583.4717416,5,115,22.32,2023-06-13,1,0
C1616,40.31739130434783,Female,South,Post-Graduate,Salaried,642936.05,501170.75,Business,696.434884,3,64,35.11,2018-04-29,1,0
C1617,40.31739130434783,Female,West,Post-Graduate,Salaried,500742.09,383058.14,Home,618.0593672,0,43,40.07,2022-05-12,0,0
C1618,45.0,Male,West,Graduate,Unemployed,687980.2,494683.58,Other,641.038416,6,127,25.44,2021-10-08,1,1
C1619,42.0,Female,South,Graduate,Salaried,387225.16,193607.3,Business,605.9780128,2,40,46.6,2022-07-15,0,0
C1620,47.0,Male,East,Post-Graduate,Salaried,1203457.09,472982.84,Business,725.980644,3,25,22.04,2019-11-08,0,1
C1621,33.0,Other,West,Graduate,Salaried,1106899.85,366099.02,Home,661.551988,0,122,61.49,2023-03-30,1,2
C1622,53.0,Female,North,Post-Graduate,Salaried,743663.29,437721.7,Education,704.4930632,6,52,35.86,2019-06-07,0,0
C1623,54.0,Male,West,Graduate,Self-Employed,638431.4485222222,289243.28,Business,637.0745158817778,7,30,41.53,2024-12-23,0,1
C1624,55.0,Male,North,Post-Graduate,Salaried,682358.55,196574.52,Car,619.5886840000001,6,40,88.29,2023-12-28,0,1
C1625,21.0,Male,North,Graduate,Unemployed,406301.02,198029.64,Car,649.5040816,1,132,57.71,2018-04-21,1,1
C1626,40.31739130434783,Female,West,Graduate,Salaried,285422.44,60069.53,Car,617.8337952,6,150,40.18,2022-06-02,0,0
C1627,26.0,Male,West,Post-Graduate,Salaried,400651.47,256552.05,Other,608.0521176,2,19,64.88,2024-08-21,0,1
C1628,48.0,Male,North,Graduate,Salaried,303364.67,74066.11,Other,672.2691736,6,83,35.13,2024-04-30,0,1
C1629,37.0,Female,South,Graduate,Salaried,646120.76,373114.17,Business,660.6896608,4,138,25.58,2018-04-22,1,0
C1630,25.0,Male,South,Secondary,Salaried,1189206.38,803673.03,Business,684.1365104,0,32,21.57,2018-12-10,0,1
C1631,51.0,Female,West,Graduate,Unemployed,770130.94,215318.08,Business,706.6104752,7,140,91.36,2022-10-22,0,0
C1632,40.31739130434783,Male,East,Graduate,Unemployed,1203457.09,1142079.95,Other,823.7351248,4,124,74.35,2019-07-10,0,1
C1633,58.0,Female,South,Secondary,Salaried,209457.99,138858.14,Business,604.6436576,6,92,80.0,2023-03-07,0,0
C1634,23.0,Female,West,Secondary,Self-Employed,370156.41,131916.37,Home,660.6125128,2,35,93.57,2020-01-15,0,0
C1635,40.31739130434783,Male,South,Graduate,Salaried,291074.97,86667.56,Education,653.2859976,0,51,89.87,2018-07-25,0,1
C1636,57.0,Male,East,Post-Graduate,Salaried,961406.48,386573.34,Car,640.0686486114522,0,38,75.27,2020-12-01,0,1
C1637,57.0,Male,West,Graduate,Self-Employed,433088.47,230757.98,Car,595.6470776,6,6,72.05,2022-04-02,0,1
C1638,30.0,Male,East,Secondary,Salaried,542657.64,295839.45,Home,599.4126112,2,110,45.26,2021-09-02,0,1
C1639,30.0,Male,West,Graduate,Unemployed,692821.07,192968.54,Business,616.4256856,1,98,27.8,2020-05-16,0,1
C1640,39.0,Female,East,Secondary,Self-Employed,219666.58,104240.87,Other,612.5733264,7,76,63.03,2023-02-06,0,0
C1641,37.0,Female,South,Graduate,Salaried,347409.01,125403.99,Business,582.7927208,0,56,63.22,2021-08-31,0,0
C1642,41.0,Female,South,Secondary,Self-Employed,846187.52,596743.73,Business,708.6950016,7,139,91.42,2021-10-14,0,0
C1643,34.0,Female,East,Secondary,Salaried,361693.21,701947.2,Car,592.9354568,2,94,53.19,2022-04-02,0,0
C1644,29.0,Female,East,Secondary,Salaried,209457.99,133975.83,Car,596.2413544,3,96,71.81,2021-02-13,0,0
C1645,21.0,Female,East,Graduate,Salaried,297674.36,136078.49,Other,651.8139488,4,147,63.12,2022-09-23,0,0
C1646,33.0,Male,West,Secondary,Salaried,417714.13,265645.91,Car,592.4171304,0,82,33.26,2020-10-30,0,1
C1647,24.0,Female,South,Graduate,Salaried,535908.27,271188.95,Business,580.8726616,3,129,64.4,2018-12-02,0,0
C1648,21.0,Female,West,Graduate,Salaried,470265.49,269545.63,Home,658.6212392,0,146,60.51,2023-04-11,1,0
C1649,40.31739130434783,Male,South,Graduate,Self-Employed,348774.27,152488.96,Other,640.0686486114522,1,135,57.04,2018-03-21,0,1
C1650,54.0,Male,North,Graduate,Self-Employed,819641.55,541720.82,Home,679.571324,6,54,58.51,2024-01-19,1,1
C1651,48.0,Male,West,Post-Graduate,Salaried,1203457.09,1865487.36,Business,900.0,2,97,32.3,2018-08-02,0,1
C1652,51.0,Male,South,Secondary,Self-Employed,548625.18,260310.02,Other,598.8900144,0,128,54.76,2021-12-04,0,1
C1653,28.0,Female,South,Graduate,Salaried,359142.39,183380.69,Home,630.7313912,2,58,65.42,2020-07-07,1,0
C1654,59.0,Male,West,Secondary,Salaried,1121207.9,783830.24,Other,706.696632,5,138,56.71,2018-10-09,0,1
C1655,46.0,Male,West,Secondary,Salaried,394195.75,234793.77,Business,577.53566,0,82,56.65,2018-06-14,0,1
C1656,40.31739130434783,Other,South,Graduate,Salaried,638431.4485222222,261435.27,Other,658.0745158817778,1,82,25.81,2018-05-08,1,2
C1657,23.0,Male,West,Graduate,Salaried,863932.3,520252.93,Business,605.114584,1,24,34.31,2020-10-09,0,1
C1658,32.0,Male,East,Post-Graduate,Self-Employed,638431.4485222222,373773.49,Other,680.0745158817778,6,95,44.07,2020-03-27,0,1
C1659,21.0,Male,West,Graduate,Salaried,562586.02,426784.26,Other,665.0068816,6,103,51.45,2018-03-25,0,1
C1660,25.0,Female,West,Post-Graduate,Salaried,209457.99,116391.99,Car,657.2104151999999,3,60,64.55,2024-12-19,1,0
C1661,50.0,Female,West,Secondary,Unemployed,710944.22,418368.03,Business,602.8755376,1,6,84.75,2019-09-17,1,0
C1662,50.0,Male,South,Secondary,Self-Employed,504121.61,204120.99,Education,670.3297288,2,109,31.94,2020-09-04,0,1
C1663,37.0,Female,East,Secondary,Unemployed,658592.86,439772.66,Other,687.6874288,5,116,21.13,2019-06-02,0,0
C1664,40.31739130434783,Male,North,Secondary,Salaried,540779.65,294792.49,Home,674.262372,7,28,53.69,2023-04-24,1,1
C1665,35.0,Female,North,Graduate,Self-Employed,359497.8,284421.0,Car,636.759824,1,113,52.41,2019-04-14,0,0
C1666,57.0,Female,East,Graduate,Unemployed,799601.65,278664.12,Car,670.968132,0,72,61.39,2024-04-29,0,0
C1667,41.0,Female,East,Secondary,Self-Employed,545233.62,135105.35,Other,647.6186896,7,118,82.49,2020-06-11,0,0
C1668,40.31739130434783,Male,East,Post-Graduate,Self-Employed,240587.09,58206.46,Education,556.2469672,7,88,80.18,2023-03-20,0,1
C1669,22.0,Other,South,Post-Graduate,Salaried,1004182.6,586460.95,Car,712.334608,1,53,27.5,2020-11-15,0,2
C1670,40.31739130434783,Male,North,Graduate,Salaried,222623.27,169985.36,Business,620.8098616,5,36,90.05,2022-02-19,1,1
C1671,59.0,Male,East,Secondary,Salaried,802519.22,161434.08,Other,619.2015375999999,2,65,28.28,2019-11-19,1,1
C1672,58.0,Female,South,Secondary,Salaried,1107717.86,703913.3,Other,660.6174288,0,133,67.59,2024-10-17,0,0
C1673,54.0,Male,North,Secondary,Unemployed,266076.07,158112.81,Education,603.2860856,3,106,70.43,2024-10-23,0,1
C1674,58.0,Female,West,Secondary,Salaried,457019.35,292210.18,Business,676.561548,3,39,70.99,2019-04-15,0,0
C1675,54.0,Male,South,Graduate,Unemployed,434186.07,179424.46,Business,606.7348856,3,55,39.9,2019-11-02,0,1
C1676,38.0,Female,North,Secondary,Unemployed,638431.4485222222,441984.73,Education,673.0745158817778,6,49,44.78,2021-06-28,0,0
C1677,50.0,Male,South,Graduate,Salaried,1203457.09,303473.9,Home,644.0340672,0,81,61.15,2019-03-19,0,1
C1678,35.0,Male,North,Post-Graduate,Salaried,267775.61,174926.74,Business,627.4220488,7,117,34.97,2024-06-28,0,1
C1679,47.0,Male,North,Graduate,Unemployed,413076.52,148807.99,Home,616.0461216,3,69,21.52,2018-04-16,0,1
C1680,54.0,Male,West,Post-Graduate,Unemployed,638431.4485222222,310343.23,Home,589.0745158817778,6,18,62.16,2021-07-01,0,1
C1681,58.0,Male,South,Secondary,Salaried,409371.42,1419662.75,Other,647.7497136,1,97,54.9,2024-06-16,0,1
C1682,53.0,Male,East,Graduate,Salaried,292237.22,106028.17,Other,626.3789776,7,135,69.25,2022-03-18,0,1
C1683,40.31739130434783,Male,West,Graduate,Salaried,565043.54,175798.89,Car,609.2034832,0,28,31.0,2022-06-13,0,1
C1684,35.0,Male,West,Secondary,Self-Employed,761543.29,463618.35,Other,696.9234632,0,69,83.07,2020-03-23,0,1
C1685,50.0,Male,North,Secondary,Salaried,638431.4485222222,332007.93,Business,592.0745158817778,0,142,30.97,2018-11-08,0,1
C1686,37.0,Female,East,Graduate,Salaried,663246.91,337355.45,Business,660.0597528,4,17,86.85,2024-08-22,0,0
C1687,25.0,Male,South,Graduate,Salaried,229317.25,81192.46,Home,602.34538,6,146,53.71,2025-01-13,0,1
C1688,49.0,Female,East,Graduate,Salaried,236436.54,52235.5,Business,573.9149232,7,104,61.24,2020-09-21,0,0
C1689,24.0,Female,East,Graduate,Salaried,638431.4485222222,284843.52,Other,628.0745158817778,2,142,87.24,2019-02-22,0,0
C1690,30.0,Female,East,Graduate,Salaried,676379.5,178520.69,Other,665.11036,4,103,42.49,2021-05-20,0,0
C1691,37.0,Male,East,Secondary,Salaried,743276.87,552695.84,Other,608.4621496,4,59,33.64,2024-09-25,1,1
C1692,30.0,Female,East,Graduate,Salaried,255222.55,57361.32,Education,640.0686486114522,4,67,53.43,2019-05-11,0,0
C1693,37.0,Male,North,Secondary,Salaried,728273.1,334270.44,Business,695.261848,2,75,38.33,2024-05-07,0,1
C1694,40.0,Male,North,Secondary,Salaried,535833.56,123963.67,Car,630.8666848,4,103,59.59,2018-06-18,0,1
C1695,44.0,Male,West,Post-Graduate,Salaried,301473.51,77577.07,Business,594.1178808,3,70,40.64,2021-11-23,0,1
C1696,25.0,Female,North,Graduate,Unemployed,234731.22,139740.19,Business,584.7784976,0,83,84.84,2023-12-23,0,0
C1697,54.0,Male,West,Graduate,Salaried,554822.06,326383.37,Education,644.3857648000001,7,77,65.55,2022-10-21,0,1
C1698,26.0,Male,West,Graduate,Salaried,993768.71,218461.48,Business,618.5014968,7,51,20.02,2022-02-26,0,1
C1699,22.0,Other,South,Graduate,Self-Employed,498588.97,100056.28,Home,611.8871176,0,85,80.41,2018-10-10,0,2
C1700,33.0,Female,East,Secondary,Unemployed,292375.3,72301.74,Other,616.390024,6,130,44.77,2023-09-04,1,0
C1701,31.0,Male,North,Secondary,Salaried,209457.99,115120.24,Other,650.0006512,1,56,44.02,2021-10-29,0,1
C1702,43.0,Male,South,Secondary,Self-Employed,1133952.6,624519.73,Education,640.0686486114522,5,150,48.73,2018-02-21,0,1
C1703,40.31739130434783,Female,North,Post-Graduate,Self-Employed,867193.87,193272.32,Other,632.3755096,3,150,67.27,2022-09-17,0,0
C1704,51.0,Male,West,Graduate,Self-Employed,577314.39,284534.14,Home,642.1851512,2,27,53.15,2023-07-01,0,1
C1705,31.0,Male,North,Graduate,Salaried,1102285.91,691373.14,Education,620.1828728,5,144,67.15,2019-03-09,0,1
C1706,36.0,Male,East,Graduate,Self-Employed,1203457.09,5585088.83,Car,900.0,0,25,31.01,2022-11-11,0,1
C1707,28.0,Female,West,Post-Graduate,Salaried,365101.14,277630.9,Other,670.2080912,4,68,92.76,2022-01-23,0,0
C1708,24.0,Male,West,Secondary,Self-Employed,663525.61,263064.24,Business,594.0820487999999,7,76,74.72,2023-02-27,0,1
C1709,24.0,Female,South,Graduate,Self-Employed,309790.29,87205.8,Home,569.7832232,6,134,38.77,2019-09-19,0,0
C1710,45.0,Female,East,Graduate,Salaried,282771.29,96751.77,Home,631.6217032,6,73,74.31,2022-11-19,0,0
C1711,23.0,Male,West,Post-Graduate,Self-Employed,747421.01,497560.33,Other,594.7936808,1,72,63.13,2019-12-23,0,1
C1712,52.0,Male,East,Post-Graduate,Salaried,782827.25,612868.04,Car,618.62618,1,132,28.19,2023-11-08,0,1
C1713,23.0,Male,North,Secondary,Self-Employed,242666.64,116440.23,Business,640.0686486114522,0,111,33.36,2021-01-11,0,1
C1714,47.0,Male,East,Post-Graduate,Salaried,247647.41,94901.44,Car,640.0686486114522,3,113,23.1,2024-11-27,0,1
C1715,49.0,Male,West,Post-Graduate,Salaried,382782.67,700514.24,Car,665.6226136,6,76,80.69,2024-01-14,0,1
C1716,52.0,Female,South,Secondary,Salaried,330638.97,126597.66,Other,604.4511176,5,107,61.38,2023-06-04,0,0
C1717,39.0,Female,West,Graduate,Salaried,635437.37,224876.53,Business,590.8349896,1,145,43.76,2023-03-20,1,0
C1718,41.0,Female,East,Graduate,Salaried,502036.15,279257.84,Other,613.162892,7,69,29.48,2022-11-20,0,0
C1719,40.31739130434783,Male,East,Post-Graduate,Salaried,927917.81,194344.58,Other,706.2334248,7,138,56.3,2024-08-23,1,1
C1720,38.0,Female,West,Secondary,Salaried,582154.85,207090.73,Home,666.572388,0,116,59.39,2021-01-04,0,0
C1721,48.0,Female,East,Post-Graduate,Self-Employed,342998.98,204711.82,Other,605.4399184,3,83,72.65,2021-08-13,0,0
C1722,42.0,Male,North,Graduate,Salaried,209457.99,37883.84,Education,564.823848,0,130,92.75,2020-10-02,0,1
C1723,41.0,Male,West,Graduate,Salaried,539663.35,134873.25,Business,641.1730680000001,0,125,52.62,2018-12-21,0,1
C1724,26.0,Male,South,Graduate,Salaried,209457.99,71772.28,Home,563.269168,3,91,50.45,2021-02-16,0,1
C1725,21.0,Male,West,Graduate,Salaried,340671.73,247560.31,Business,560.2537384,3,52,47.74,2023-01-21,0,1
C1726,25.0,Male,North,Post-Graduate,Salaried,328749.15,216623.24,Home,587.299932,3,92,82.02,2020-09-25,1,1
C1727,32.0,Male,North,Post-Graduate,Salaried,369669.66,78848.31,Education,672.5735728,7,72,31.72,2023-03-19,0,1
C1728,46.0,Male,North,Post-Graduate,Self-Employed,237086.7,118787.0,Other,645.966936,7,105,45.79,2024-05-23,0,1
C1729,54.0,Female,North,Secondary,Salaried,328107.92,119697.87,Home,669.2486336,0,21,74.37,2024-11-04,0,0
C1730,34.0,Other,North,Graduate,Salaried,918270.71,541033.53,Home,641.4616568,1,42,21.18,2022-04-02,0,2
C1731,46.0,Female,South,Secondary,Salaried,916879.8,2901614.35,Home,613.350384,2,142,41.7,2021-10-09,0,0
C1732,40.31739130434783,Female,East,Graduate,Unemployed,1135830.75,815205.66,Education,693.86646,2,58,68.11,2018-04-28,0,0
C1733,29.0,Male,North,Graduate,Unemployed,1203457.09,3101630.07,Business,900.0,0,138,33.95,2023-07-18,0,1
C1734,46.0,Female,North,Graduate,Self-Employed,567599.03,452189.15,Education,638.4079224,0,138,42.7,2021-08-24,0,0
C1735,42.0,Male,West,Graduate,Salaried,925728.51,729466.35,Home,639.0582808,1,56,56.45,2020-01-15,0,1
C1736,50.0,Male,South,Post-Graduate,Salaried,217757.31,158810.41,Home,613.4205848,3,19,51.65,2023-06-21,0,1
C1737,37.0,Male,South,Secondary,Salaried,761538.25,414978.72,Other,638.92306,0,72,27.95,2020-05-18,0,1
C1738,46.0,Male,East,Graduate,Salaried,1000779.34,439145.84,Education,669.0623472,6,116,90.37,2021-12-24,1,1
C1739,56.0,Male,South,Graduate,Salaried,299860.25,125531.03,Education,566.98882,7,108,23.32,2020-11-24,1,1
C1740,21.0,Male,West,Secondary,Self-Employed,1045966.12,216802.47,Car,686.6772896,4,11,76.23,2021-10-26,0,1
C1741,28.0,Male,West,Secondary,Salaried,1203457.09,529932.85,Business,768.299164,3,55,25.36,2021-02-19,0,1
C1742,55.0,Male,East,Post-Graduate,Self-Employed,749990.39,473457.64,Car,673.9992312,6,62,55.05,2024-09-07,0,1
C1743,35.0,Male,West,Post-Graduate,Salaried,1203457.09,5336604.88,Car,900.0,7,113,33.16,2021-02-05,0,1
C1744,42.0,Male,North,Post-Graduate,Self-Employed,264110.58,198044.19,Business,671.1288464,0,115,30.58,2024-03-26,0,1
C1745,34.0,Male,North,Post-Graduate,Salaried,880338.84,202489.69,Other,629.4271072,4,35,29.44,2018-02-11,1,1
C1746,40.31739130434783,Female,West,Secondary,Salaried,278152.59,81544.87,Other,603.2522072,6,96,53.96,2023-10-18,0,0
C1747,48.0,Male,East,Graduate,Self-Employed,599204.03,403591.64,Business,651.9363224,5,110,58.66,2020-02-22,0,1
C1748,43.0,Male,South,Graduate,Salaried,633555.14,262991.64,Business,601.6844112,1,17,30.0,2018-12-17,0,1
C1749,34.0,Male,East,Graduate,Salaried,638431.4485222222,173019.52,Education,585.0745158817778,7,150,93.45,2020-09-15,1,1
C1750,44.0,Male,South,Graduate,Salaried,611207.54,487664.35,Education,624.8966032,4,123,39.33,2022-07-23,1,1
C1751,22.0,Male,West,Graduate,Self-Employed,1203457.09,1390028.99,Education,811.3934544,0,145,54.41,2023-06-25,0,1
C1752,46.0,Male,West,Graduate,Self-Employed,209457.99,68895.59,Education,613.37892,2,119,36.22,2024-03-24,0,1
C1753,34.0,Male,North,Graduate,Salaried,474662.55,329419.84,Home,664.973004,6,61,57.04,2020-09-11,0,1
C1754,27.0,Male,South,Secondary,Self-Employed,1203457.09,1732914.56,Home,640.0686486114522,0,130,76.7,2023-05-05,0,1
C1755,23.0,Male,East,Graduate,Salaried,299006.98,201526.18,Other,656.9205584,2,58,59.08,2023-07-04,0,1
C1756,43.0,Female,West,Graduate,Salaried,209457.99,116574.81,Home,580.533104,1,137,41.42,2023-01-10,1,0
C1757,38.0,Male,East,Graduate,Self-Employed,533784.93,133893.12,Home,665.7027944,1,23,38.63,2018-03-12,0,1
C1758,58.0,Male,North,Secondary,Self-Employed,756518.78,434078.17,Education,634.5215024,3,81,76.92,2019-01-17,0,1
C1759,55.0,Male,South,Graduate,Unemployed,638431.4485222222,130285.56,Education,697.0745158817778,6,73,28.87,2021-04-20,0,1
C1760,35.0,Female,South,Secondary,Salaried,293138.26,66270.87,Business,640.0686486114522,3,48,47.75,2020-06-26,0,0
C1761,45.0,Male,West,Graduate,Self-Employed,349700.69,259613.6,Education,677.9760552,2,42,31.36,2022-07-15,0,1
C1762,57.0,Male,South,Post-Graduate,Self-Employed,567928.03,293356.54,Business,610.4342424,2,66,39.35,2020-09-23,0,1
C1763,48.0,Female,West,Graduate,Unemployed,298221.51,191321.38,Business,592.8577208,1,26,31.45,2021-06-08,0,0
C1764,30.0,Male,North,Graduate,Salaried,235428.54,165529.95,Home,623.8342832,4,77,86.51,2024-07-10,0,1
C1765,40.31739130434783,Male,South,Graduate,Salaried,428686.05,329981.97,Education,616.294884,2,129,74.89,2022-02-20,1,1
C1766,37.0,Male,West,Graduate,Self-Employed,290805.66,209848.77,Home,643.2644528,2,9,62.07,2023-04-23,0,1
C1767,59.0,Female,East,Post-Graduate,Salaried,613145.08,300433.04,Education,630.0516064,6,58,36.83,2024-03-17,0,0
C1768,42.0,Male,West,Graduate,Salaried,998773.76,401089.75,Home,639.9019008,4,90,58.27,2023-12-15,0,1
C1769,46.0,Female,South,Graduate,Salaried,1203457.09,597225.43,Home,758.2343584,3,7,59.06,2021-11-09,0,0
C1770,45.0,Other,North,Graduate,Self-Employed,638431.4485222222,281032.98,Home,613.0745158817778,3,42,64.28,2022-10-09,1,2
C1771,37.0,Male,South,Secondary,Unemployed,697518.76,292885.44,Other,613.8015008,2,146,24.51,2024-03-04,0,1
C1772,40.31739130434783,Male,South,Graduate,Self-Employed,351644.31,188391.65,Home,651.1315448,6,146,92.97,2021-09-16,0,1
C1773,40.0,Male,West,Graduate,Self-Employed,363830.28,218045.54,Car,640.0686486114522,3,77,54.91,2021-12-12,1,1
C1774,45.0,Male,East,Graduate,Salaried,990763.3,779726.05,Car,676.261064,3,42,89.49,2023-02-02,0,1
C1775,24.0,Male,South,Graduate,Salaried,420004.08,267555.92,Car,631.6003264,5,129,20.74,2021-01-14,0,1
C1776,30.0,Female,East,Graduate,Salaried,508958.14,298376.26,Business,679.7166512,6,74,38.57,2021-06-09,0,0
C1777,23.0,Female,West,Secondary,Salaried,958032.15,384224.03,Home,707.642572,3,69,27.8,2020-10-26,0,0
C1778,38.0,Female,East,Graduate,Salaried,421786.72,93089.31,Car,602.7429376,1,29,77.72,2020-08-02,0,0
C1779,56.0,Male,West,Graduate,Salaried,1115966.32,416116.03,Business,706.2773056,0,20,44.01,2019-05-10,0,1
C1780,42.0,Female,North,Graduate,Salaried,670089.21,442975.03,Car,585.6071368,2,19,83.04,2020-02-28,0,0
C1781,54.0,Other,East,Secondary,Salaried,628109.0,202981.69,Education,640.0686486114522,7,135,82.43,2021-07-16,0,2
C1782,28.0,Female,East,Graduate,Salaried,342318.19,214740.62,Other,614.3854552,2,41,70.08,2019-05-05,0,0
C1783,39.0,Male,North,Post-Graduate,Salaried,646946.77,354441.37,Home,679.7557416,1,129,69.93,2024-01-04,1,1
C1784,57.0,Female,East,Secondary,Salaried,386166.82,117052.62,Other,572.8933456,7,117,72.51,2020-01-29,1,0
C1785,26.0,Male,North,Graduate,Unemployed,632967.83,225953.62,Other,674.6374264,0,5,70.53,2020-02-24,0,1
C1786,40.31739130434783,Male,South,Secondary,Unemployed,462312.44,230130.89,Education,574.9849952,0,75,49.02,2020-06-05,0,1
C1787,54.0,Male,West,Graduate,Self-Employed,832131.09,375311.78,Education,700.5704872,1,107,71.21,2023-06-07,0,1
C1788,40.31739130434783,Female,North,Graduate,Salaried,480472.78,320541.8,Education,641.4378224,4,23,87.31,2021-02-06,1,0
C1789,57.0,Female,East,Graduate,Self-Employed,1203457.09,960816.19,Business,749.98152,4,56,44.94,2024-08-11,1,0
C1790,53.0,Male,North,Graduate,Self-Employed,420184.49,228893.27,Car,634.6147592,0,122,90.87,2023-11-19,1,1
C1791,42.0,Male,East,Post-Graduate,Self-Employed,364391.41,252656.19,Home,640.1513128,4,111,21.02,2024-09-10,1,1
C1792,41.0,Male,South,Secondary,Salaried,591467.84,317974.13,Education,603.3174272,4,59,46.18,2021-03-05,0,1
C1793,26.0,Male,North,Secondary,Self-Employed,884545.37,688736.71,Home,718.7636296000001,4,18,29.91,2019-02-16,0,1
C1794,26.0,Male,South,Post-Graduate,Self-Employed,880772.08,290949.37,Home,704.4617664,0,17,29.5,2020-03-06,0,1
C1795,24.0,Male,West,Graduate,Self-Employed,535914.44,336811.08,Home,640.0686486114522,7,88,81.16,2021-04-28,0,1
C1796,50.0,Female,East,Post-Graduate,Self-Employed,589187.08,248617.2,Education,648.1349663999999,4,94,88.88,2020-07-20,0,0
C1797,31.0,Male,East,Graduate,Salaried,589656.79,216627.94,Education,608.1725432,7,31,78.33,2022-01-18,0,1
C1798,50.0,Male,South,Post-Graduate,Salaried,270268.17,83305.43,Car,585.6214536,2,93,93.25,2020-01-05,1,1
C1799,51.0,Male,West,Graduate,Salaried,858756.24,456430.73,Education,713.7004992,5,141,36.22,2021-05-23,0,1
C1800,44.0,Female,North,Graduate,Self-Employed,638431.4485222222,210223.77,Education,674.0745158817778,0,45,30.56,2018-02-27,1,0
C1801,29.0,Female,North,Post-Graduate,Salaried,638431.4485222222,204432.46,Home,630.0745158817778,1,52,59.05,2023-12-28,0,0
C1802,23.0,Female,East,Graduate,Salaried,503966.41,400310.17,Car,636.3173128,4,16,82.18,2019-06-03,0,0
C1803,51.0,Male,South,Secondary,Salaried,410067.54,279275.86,Other,640.0686486114522,3,142,22.99,2021-01-28,0,1
C1804,57.0,Male,South,Graduate,Salaried,757581.63,491644.79,Education,666.6065304,0,10,94.67,2018-07-06,0,1
C1805,56.0,Male,North,Secondary,Salaried,625335.74,422999.84,Education,629.0268592,6,45,65.17,2018-08-12,0,1
C1806,44.0,Female,West,Secondary,Self-Employed,527556.24,412208.03,Other,674.2044992,1,10,93.42,2024-03-16,0,0
C1807,51.0,Female,West,Graduate,Self-Employed,263275.5,143212.92,Home,570.06204,5,134,47.38,2021-04-11,1,0
C1808,26.0,Female,North,Graduate,Salaried,496137.34,164790.19,Car,661.6909872,2,19,54.35,2019-06-02,0,0
C1809,22.0,Female,North,Graduate,Salaried,475023.09,340746.31,Home,666.0018472,7,149,76.43,2023-07-04,0,0
C1810,40.0,Female,South,Graduate,Salaried,552496.68,356713.09,Business,584.1997344,7,20,79.45,2019-02-25,1,0
C1811,48.0,Male,West,Graduate,Unemployed,385956.17,173134.14,Education,649.8764936,6,89,37.48,2018-02-20,0,1
C1812,31.0,Female,North,Secondary,Salaried,651836.89,315581.42,Business,693.1469512,1,14,89.74,2024-06-09,0,0
C1813,24.0,Male,North,Secondary,Salaried,404089.4,180527.52,Education,592.327152,4,142,85.06,2021-03-10,0,1
C1814,35.0,Male,East,Secondary,Salaried,619094.0,469251.77,Business,651.52752,3,142,21.37,2023-04-07,0,1
C1815,26.0,Male,North,Graduate,Self-Employed,638431.4485222222,259279.12,Other,637.0745158817778,4,23,29.64,2023-05-15,0,1
C1816,50.0,Male,North,Secondary,Unemployed,364387.26,283526.29,Education,577.1509808,1,72,57.21,2022-12-10,0,1
C1817,58.0,Male,West,Graduate,Self-Employed,319755.79,238589.96,Education,647.5804631999999,0,46,54.57,2021-10-27,0,1
C1818,22.0,Male,South,Graduate,Self-Employed,635394.53,367456.72,Business,642.8315624,6,144,73.13,2020-01-26,0,1
C1819,35.0,Male,West,Post-Graduate,Salaried,236427.1,129536.77,Car,624.914168,3,150,26.73,2018-07-30,0,1
C1820,31.0,Male,South,Secondary,Salaried,901139.74,380329.24,Business,656.0911791999999,7,88,68.36,2020-10-31,0,1
C1821,28.0,Male,East,Graduate,Salaried,491899.37,103792.26,Education,639.3519496,6,138,66.23,2023-05-11,1,1
C1822,46.0,Male,North,Graduate,Salaried,459035.52,126957.25,Education,640.0686486114522,6,57,37.52,2019-04-13,0,1
C1823,25.0,Male,East,Post-Graduate,Salaried,660207.04,430810.71,Car,602.8165632,3,102,60.68,2018-09-25,0,1
C1824,26.0,Male,South,Post-Graduate,Salaried,638051.95,308130.65,Home,607.044156,7,46,36.67,2022-06-30,1,1
C1825,46.0,Female,West,Secondary,Salaried,490698.39,142254.88,Car,679.2558712,7,34,31.02,2023-07-08,1,0
C1826,24.0,Female,West,Secondary,Unemployed,792730.84,284096.11,Home,628.4184672,1,13,62.99,2018-10-31,1,0
C1827,39.0,Female,East,Post-Graduate,Self-Employed,337792.28,259661.65,Education,596.0233824,5,38,93.31,2024-06-21,1,0
C1828,40.0,Female,South,Graduate,Self-Employed,723456.77,304054.2,Other,609.8765416,5,92,37.77,2025-01-22,0,0
C1829,53.0,Male,East,Graduate,Self-Employed,270156.61,201161.09,Other,666.6125288,4,149,46.65,2018-08-08,0,1
C1830,40.0,Female,East,Graduate,Salaried,638431.4485222222,244379.75,Business,635.0745158817778,1,54,39.24,2019-09-14,0,0
C1831,32.0,Male,North,Graduate,Self-Employed,408264.16,214719.21,Car,621.6611328,3,80,39.98,2019-09-04,0,1
C1832,21.0,Male,East,Post-Graduate,Salaried,237732.81,50467.41,Car,665.0186248,1,50,50.31,2024-04-24,0,1
C1833,46.0,Female,North,Post-Graduate,Self-Employed,563066.8,288923.69,Other,687.045344,3,50,72.64,2021-05-29,0,0
C1834,34.0,Male,North,Graduate,Salaried,479771.6,279306.33,Home,661.381728,6,130,22.91,2018-12-15,0,1
C1835,58.0,Female,West,Graduate,Unemployed,638431.4485222222,217438.94,Car,619.0745158817778,4,21,91.78,2020-10-13,0,0
C1836,57.0,Female,North,Post-Graduate,Salaried,209457.99,83687.05,Home,571.2313216,0,70,23.47,2019-05-01,0,0
C1837,31.0,Female,North,Secondary,Salaried,638431.4485222222,375589.64,Home,611.0745158817778,6,108,86.09,2024-04-04,0,0
C1838,40.31739130434783,Female,West,Secondary,Unemployed,1190667.08,728845.0,Home,669.2533664,7,9,87.08,2022-09-01,0,0
C1839,33.0,Male,East,Post-Graduate,Salaried,583359.12,388425.0,Home,659.6687296,0,127,59.34,2024-10-19,0,1
C1840,23.0,Male,South,Graduate,Self-Employed,338552.08,130953.14,Business,635.0841664,1,129,30.27,2024-09-07,1,1
C1841,53.0,Male,South,Secondary,Self-Employed,886492.76,479296.65,Business,604.9194208,3,116,62.39,2024-12-08,1,1
C1842,26.0,Male,South,Secondary,Self-Employed,805302.28,635341.15,Other,694.4241824000001,0,20,67.15,2020-07-13,0,1
C1843,30.0,Female,East,Post-Graduate,Unemployed,638431.4485222222,471728.38,Business,611.0745158817778,6,85,84.33,2023-11-11,1,0
C1844,40.31739130434783,Female,North,Graduate,Unemployed,712221.17,549549.33,Car,645.9776936,3,95,61.32,2022-04-08,0,0
C1845,43.0,Female,South,Graduate,Salaried,795913.89,343581.57,Business,668.6731112,4,139,50.8,2023-01-20,0,0
C1846,30.0,Male,East,Secondary,Salaried,730956.84,491317.66,Car,639.4765472,6,140,82.87,2022-12-19,0,1
C1847,22.0,Male,North,Post-Graduate,Self-Employed,376010.47,215054.97,Car,643.0808376,7,76,93.57,2021-05-02,0,1
C1848,33.0,Male,West,Post-Graduate,Self-Employed,209457.99,49600.91,Home,617.8951128,1,100,68.38,2024-08-07,1,1
C1849,22.0,Male,South,Graduate,Salaried,367094.85,254906.34,Other,605.367588,3,115,85.58,2022-10-23,0,1
C1850,40.0,Female,North,Graduate,Self-Employed,897811.43,544307.85,Home,611.8249144,1,86,64.91,2021-06-04,1,0
C1851,21.0,Male,South,Secondary,Unemployed,638431.4485222222,203883.35,Home,597.0745158817778,3,42,71.73,2024-05-18,0,1
C1852,40.31739130434783,Male,South,Post-Graduate,Unemployed,451349.62,111863.9,Business,570.1079696,6,58,71.61,2024-12-18,1,1
C1853,29.0,Male,South,Graduate,Salaried,257511.15,180827.75,Business,590.600892,5,80,72.86,2018-09-04,1,1
C1854,37.0,Female,North,Post-Graduate,Salaried,361096.58,89314.02,Car,559.8877264,5,19,44.08,2024-11-02,0,0
C1855,29.0,Female,East,Graduate,Salaried,486504.27,123967.28,Business,650.9203416,3,120,63.17,2019-02-11,0,0
C1856,31.0,Male,North,Post-Graduate,Self-Employed,641079.79,292617.65,Business,631.2863832,4,13,64.56,2020-05-01,0,1
C1857,35.0,Male,South,Post-Graduate,Self-Employed,379927.78,106713.62,Education,651.3942224,1,12,43.63,2025-01-06,1,1
C1858,44.0,Male,North,Graduate,Salaried,365603.4,273545.11,Car,659.248272,7,114,46.24,2020-05-14,0,1
C1859,58.0,Male,West,Post-Graduate,Salaried,777000.72,374646.72,Car,640.0686486114522,2,55,77.17,2020-12-19,0,1
C1860,40.31739130434783,Female,East,Graduate,Salaried,584724.8,316622.98,Education,608.7779840000001,3,35,63.7,2018-11-29,0,0
C1861,50.0,Female,North,Secondary,Salaried,625789.83,473637.58,Car,669.0631864,3,106,31.19,2019-10-06,0,0
C1862,51.0,Male,West,Graduate,Unemployed,1133222.98,587188.48,Other,733.6578384,5,7,82.82,2020-09-09,0,1
C1863,40.31739130434783,Male,East,Graduate,Self-Employed,370351.96,152642.3,Other,611.6281568,0,103,86.23,2019-12-13,0,1
C1864,34.0,Other,West,Graduate,Salaried,638431.4485222222,433043.62,Education,672.0745158817778,6,87,54.96,2024-03-10,1,2
C1865,31.0,Male,East,Secondary,Salaried,662077.49,308336.19,Business,588.9661992,5,47,35.67,2018-11-04,0,1
C1866,29.0,Female,North,Graduate,Salaried,302752.51,118400.95,Other,667.2202008,1,33,91.07,2019-10-04,0,0
C1867,54.0,Male,West,Graduate,Unemployed,554586.1,351573.02,Education,640.0686486114522,5,14,86.17,2018-01-11,0,1
C1868,32.0,Male,South,Graduate,Salaried,494948.04,337041.5,Other,671.5958432,2,144,38.33,2022-08-01,0,1
C1869,55.0,Male,West,Graduate,Salaried,1203457.09,1520448.76,Home,723.1934064,4,50,27.17,2023-01-20,1,1
C1870,55.0,Male,East,Graduate,Salaried,516550.44,406320.98,Education,633.3240352,6,34,53.05,2024-08-29,0,1
C1871,21.0,Other,North,Secondary,Self-Employed,923860.97,620834.73,Car,669.9088776,2,98,70.73,2023-04-09,0,2
C1872,42.0,Male,East,Graduate,Self-Employed,771790.77,510894.67,Other,682.7432616,4,36,33.15,2021-04-07,0,1
C1873,49.0,Male,West,Graduate,Self-Employed,258820.78,184925.16,Car,592.7056624,2,51,58.49,2018-05-14,1,1
C1874,28.0,Male,West,Secondary,Salaried,209457.99,41742.05,Education,631.6875504,7,92,51.91,2020-08-06,1,1
C1875,31.0,Male,South,Post-Graduate,Salaried,560092.95,233815.76,Other,640.807436,6,67,86.79,2021-03-26,0,1
C1876,57.0,Male,North,Post-Graduate,Salaried,976308.66,627338.71,Car,685.1046928000001,5,135,52.22,2021-03-04,0,1
C1877,34.0,Male,North,Graduate,Self-Employed,572835.09,320691.07,Business,669.8268072,2,27,60.03,2023-02-03,0,1
C1878,50.0,Female,West,Post-Graduate,Salaried,510613.64,156525.14,Business,614.8490912,5,78,91.65,2018-10-19,0,0
C1879,55.0,Male,North,Post-Graduate,Self-Employed,418215.59,159858.67,Home,606.4572472,6,54,42.48,2020-08-14,0,1
C1880,41.0,Male,South,Post-Graduate,Unemployed,236055.28,94912.06,Education,568.8844224,5,128,41.67,2020-12-19,1,1
C1881,57.0,Female,East,Secondary,Unemployed,288287.52,155876.16,Car,620.0630016,1,17,79.97,2025-01-04,1,0
C1882,25.0,Male,North,Post-Graduate,Salaried,209457.99,140023.32,Home,619.0264992,5,130,40.82,2024-08-12,1,1
C1883,39.0,Other,West,Graduate,Salaried,638431.4485222222,484885.54,Education,672.0745158817778,0,33,82.39,2020-03-21,0,2
C1884,34.0,Male,East,Graduate,Salaried,366112.33,237993.31,Business,641.2889864,2,125,27.17,2022-10-08,0,1
C1885,46.0,Female,East,Secondary,Self-Employed,749235.63,528788.21,Car,599.9388504,6,94,28.34,2019-04-16,0,0
C1886,24.0,Female,South,Graduate,Self-Employed,638431.4485222222,307760.72,Other,689.0745158817778,3,137,87.6,2024-02-09,0,0
C1887,45.0,Female,West,Secondary,Salaried,562751.93,244158.47,Business,680.0201544,3,82,60.56,2020-07-09,0,0
C1888,45.0,Other,North,Secondary,Salaried,526694.55,229441.38,Other,649.135564,3,113,73.91,2019-09-03,0,2
C1889,38.0,Male,West,Graduate,Self-Employed,643371.03,366479.01,Other,631.4696824,6,18,36.9,2020-12-24,0,1
C1890,28.0,Other,East,Post-Graduate,Unemployed,276745.0,75978.13,Car,561.1396,0,140,32.47,2019-08-06,0,2
C1891,59.0,Male,West,Post-Graduate,Salaried,638431.4485222222,349666.68,Car,583.0745158817778,5,52,82.62,2018-10-20,0,1
C1892,34.0,Male,North,Graduate,Self-Employed,225494.86,135089.4,Other,550.0395888,2,145,46.9,2018-09-02,0,1
C1893,52.0,Male,North,Post-Graduate,Salaried,382201.31,177091.16,Home,654.5761048,4,28,54.13,2019-11-11,0,1
C1894,40.31739130434783,Male,South,Post-Graduate,Salaried,483352.76,373100.14,Other,640.0686486114522,4,83,22.1,2021-06-13,0,1
C1895,53.0,Male,North,Post-Graduate,Unemployed,742723.91,419585.51,Other,591.4179128,6,55,48.94,2024-09-03,0,1
C1896,43.0,Male,North,Secondary,Self-Employed,1044052.29,346625.03,Car,699.5241832,1,7,77.78,2024-05-20,0,1
C1897,35.0,Male,West,Graduate,Self-Employed,638431.4485222222,311254.33,Education,623.0745158817778,0,132,81.6,2021-03-28,1,1
C1898,53.0,Female,West,Post-Graduate,Salaried,638431.4485222222,386405.95,Business,674.0745158817778,2,123,72.41,2022-12-04,1,0
C1899,45.0,Female,East,Graduate,Self-Employed,309883.98,122149.28,Car,576.7907184,5,62,71.91,2019-05-25,0,0
C1900,37.0,Male,South,Graduate,Salaried,638431.4485222222,158193.71,Home,695.0745158817778,3,129,57.97,2023-04-04,0,1
C1901,53.0,Male,West,Graduate,Salaried,856201.65,470963.46,Business,657.496132,0,117,60.37,2021-05-30,0,1
C1902,22.0,Male,North,Graduate,Salaried,209457.99,100611.61,Car,547.4705312,0,59,75.7,2022-07-07,0,1
C1903,34.0,Male,East,Graduate,Salaried,433108.98,212675.22,Car,575.6487184,2,123,38.55,2021-01-20,0,1
C1904,59.0,Male,West,Secondary,Salaried,680865.85,506336.41,Education,591.469268,6,124,37.36,2023-08-12,0,1
C1905,40.31739130434783,Male,South,Graduate,Self-Employed,368251.86,258149.77,Home,629.4601488,5,84,91.24,2024-01-21,0,1
C1906,26.0,Male,South,Post-Graduate,Salaried,269088.65,77617.99,Home,626.527092,7,46,22.08,2023-07-16,0,1
C1907,23.0,Other,East,Post-Graduate,Salaried,1203457.09,977384.94,Car,756.1249008,7,25,30.46,2022-11-29,1,2
C1908,27.0,Male,East,Secondary,Salaried,519733.82,239742.46,Education,596.5787056,6,14,62.77,2018-11-26,0,1
C1909,28.0,Male,East,Post-Graduate,Salaried,527615.45,184743.39,Car,655.209236,6,61,75.34,2024-09-15,0,1
C1910,35.0,Male,East,Graduate,Self-Employed,238006.49,145698.77,Other,609.0405192,1,60,60.34,2018-06-13,1,1
C1911,49.0,Male,East,Graduate,Self-Employed,349130.64,225397.5,Other,574.9304512,6,42,46.63,2022-11-05,1,1
C1912,53.0,Male,North,Post-Graduate,Salaried,298399.26,91888.41,Education,642.8719408,5,90,93.35,2021-08-13,0,1
C1913,50.0,Female,North,Post-Graduate,Salaried,885082.71,662632.05,Car,695.8066168,1,117,72.79,2024-10-08,1,0
C1914,59.0,Male,West,Post-Graduate,Self-Employed,645350.26,419921.89,Education,644.6280208000001,7,116,82.35,2020-10-22,0,1
C1915,47.0,Male,South,Graduate,Self-Employed,357249.6,271518.73,Car,640.579968,1,58,23.02,2018-04-16,0,1
C1916,56.0,Male,North,Post-Graduate,Salaried,665487.5,259702.46,Car,684.239,3,50,37.69,2019-01-10,0,1
C1917,40.31739130434783,Female,North,Secondary,Salaried,425305.89,324764.01,Other,603.0244712,3,8,48.06,2020-07-26,0,0
C1918,58.0,Female,North,Graduate,Self-Employed,556248.21,234242.01,Business,645.4998568,7,66,33.7,2024-06-14,0,0
C1919,53.0,Male,West,Graduate,Salaried,554803.98,128926.38,Home,616.3843184,2,128,25.47,2024-08-01,0,1
C1920,57.0,Female,East,Graduate,Salaried,616089.16,405252.13,Home,648.2871328,7,132,36.88,2018-03-26,0,0
C1921,47.0,Male,West,Graduate,Self-Employed,576544.93,358671.42,Education,611.1235944,5,116,60.02,2021-01-08,0,1
C1922,53.0,Male,South,Post-Graduate,Self-Employed,638431.4485222222,356721.4,Home,587.0745158817778,6,89,72.18,2024-06-18,0,1
C1923,24.0,Male,South,Secondary,Self-Employed,975489.4,481829.57,Other,707.0391520000001,1,8,78.05,2018-06-14,1,1
C1924,42.0,Male,South,Secondary,Self-Employed,695446.6,152510.86,Business,653.635728,2,69,23.22,2019-12-19,0,1
C1925,22.0,Male,South,Graduate,Self-Employed,638431.4485222222,366943.81,Car,617.0745158817778,1,66,52.1,2023-04-12,0,1
C1926,30.0,Male,North,Graduate,Salaried,463298.11,208530.84,Car,622.0638488,0,94,29.17,2023-10-27,0,1
C1927,25.0,Other,North,Post-Graduate,Salaried,961830.79,515662.15,Other,623.9464632,4,124,52.34,2022-12-17,0,2
C1928,30.0,Female,West,Graduate,Salaried,520129.11,238007.34,Home,575.6103288,4,134,52.55,2021-02-13,0,0
C1929,40.31739130434783,Female,East,Secondary,Salaried,1203457.09,5275437.13,Car,900.0,1,141,57.37,2020-01-14,0,0
C1930,58.0,Male,South,Post-Graduate,Self-Employed,345543.53,194356.26,Home,596.6434824,2,49,86.96,2024-07-25,1,1
C1931,33.0,Female,West,Graduate,Unemployed,568167.17,369048.33,Other,640.0686486114522,7,150,80.38,2022-11-21,0,0
C1932,51.0,Male,North,Secondary,Unemployed,305537.79,232761.18,Car,598.4430232,3,116,67.75,2025-02-13,0,1
C1933,56.0,Female,North,Graduate,Self-Employed,991166.17,550057.18,Education,666.2932936,5,46,86.41,2023-07-08,0,0
C1934,44.0,Male,East,Graduate,Salaried,276288.23,57257.29,Business,568.1030584,1,45,70.89,2019-01-09,0,1
C1935,35.0,Female,East,Graduate,Salaried,1102330.63,243146.59,Home,730.1864504,1,93,81.41,2023-04-10,0,0
C1936,49.0,Male,East,Graduate,Self-Employed,417952.61,259717.03,Home,640.0686486114522,5,46,62.28,2021-11-26,1,1
C1937,28.0,Male,West,Post-Graduate,Self-Employed,270437.0,99372.37,Home,640.0686486114522,7,39,59.39,2022-07-31,1,1
C1938,25.0,Female,North,Post-Graduate,Self-Employed,542556.04,297118.79,Home,640.0686486114522,6,71,74.31,2021-09-27,0,0
C1939,49.0,Male,North,Graduate,Self-Employed,289476.23,93027.91,Other,640.0686486114522,3,45,21.48,2021-08-08,0,1
C1940,24.0,Male,East,Secondary,Self-Employed,498273.53,180449.42,Other,625.8618824,1,103,71.78,2019-03-05,1,1
C1941,32.0,Other,South,Post-Graduate,Salaried,355880.78,178931.39,Other,677.4704624,0,54,90.09,2019-10-21,0,2
C1942,22.0,Male,East,Graduate,Salaried,822242.22,645741.08,Other,712.7793776,3,108,73.55,2021-09-12,0,1
C1943,47.0,Female,West,Graduate,Self-Employed,527135.17,300341.74,Car,615.1708136,0,90,22.76,2022-08-14,1,0
C1944,51.0,Male,East,Graduate,Unemployed,254313.88,193708.05,Other,639.3451104,4,83,48.34,2023-07-23,0,1
C1945,56.0,Male,East,Post-Graduate,Salaried,352085.7,273087.5,Car,579.166856,5,49,80.72,2021-03-26,0,1
C1946,56.0,Male,West,Graduate,Self-Employed,720514.62,234070.7,Education,706.6411696,3,110,91.9,2022-06-29,0,1
C1947,46.0,Male,East,Secondary,Salaried,992418.98,383784.46,Other,626.3935184,6,149,47.76,2024-03-03,0,1
C1948,47.0,Female,North,Graduate,Unemployed,476917.53,315717.2,Education,575.1534024,3,126,83.09,2018-05-31,0,0
C1949,25.0,Male,South,Post-Graduate,Salaried,275290.42,198225.18,Other,558.0232336,2,81,84.79,2023-02-06,1,1
C1950,40.0,Male,East,Secondary,Self-Employed,873025.44,446583.98,Education,656.8420352,2,60,29.25,2018-12-27,0,1
C1951,31.0,Male,West,Post-Graduate,Salaried,718779.58,572102.29,Business,694.5023664,5,116,83.43,2021-07-12,0,1
C1952,30.0,Male,South,Graduate,Self-Employed,1003090.98,207582.98,Education,711.2472784,6,97,44.32,2020-10-30,0,1
C1953,58.0,Female,West,Graduate,Salaried,573558.39,217812.01,Car,607.8846712,3,45,64.49,2021-08-17,0,0
C1954,26.0,Other,South,Graduate,Salaried,367203.58,210737.05,Home,574.3762864,7,10,60.42,2019-04-20,0,2
C1955,28.0,Male,South,Secondary,Salaried,649714.73,312885.69,Education,653.9771784,4,102,69.73,2022-07-14,1,1
C1956,43.0,Female,East,Post-Graduate,Unemployed,585066.66,157945.64,Home,689.8053328,6,77,75.53,2023-10-09,0,0
C1957,46.0,Female,North,Graduate,Salaried,356403.74,149929.16,Business,587.5122992,1,45,53.07,2018-01-05,0,0
C1958,32.0,Male,East,Post-Graduate,Salaried,545387.17,117404.56,Business,631.6309736000001,5,13,86.62,2024-02-01,0,1
C1959,40.31739130434783,Other,West,Graduate,Self-Employed,638431.4485222222,373895.86,Car,656.0745158817778,7,12,80.71,2023-03-08,1,2
C1960,33.0,Male,West,Secondary,Salaried,735970.87,541413.68,Car,688.8776696,6,108,78.91,2022-08-20,0,1
C1961,38.0,Male,South,Secondary,Unemployed,638431.4485222222,466645.17,Education,615.0745158817778,5,17,54.37,2018-08-11,0,1
C1962,45.0,Female,South,Graduate,Salaried,274203.2,169931.04,Other,640.936256,6,23,22.82,2020-02-08,0,0
C1963,53.0,Male,North,Post-Graduate,Self-Employed,259410.64,124377.57,Business,663.7528512,2,102,56.92,2023-10-25,0,1
C1964,32.0,Female,East,Graduate,Salaried,465377.35,236048.22,Home,593.230188,4,100,87.38,2022-01-21,1,0
C1965,56.0,Female,West,Graduate,Salaried,497848.26,140468.53,Other,589.8278608,5,53,34.28,2024-12-25,0,0
C1966,24.0,Male,South,Graduate,Self-Employed,743063.83,300651.25,Business,694.4451064,4,104,93.69,2023-08-04,0,1
C1967,25.0,Female,North,Graduate,Self-Employed,648435.07,202724.69,Education,662.8748056,5,86,80.58,2025-01-05,1,0
C1968,57.0,Male,West,Graduate,Self-Employed,1090642.04,755509.69,Business,632.2513632,2,70,73.24,2022-12-16,1,1
C1969,28.0,Male,South,Post-Graduate,Salaried,378149.01,283177.77,Car,654.2519208,1,95,70.79,2018-07-31,0,1
C1970,48.0,Female,West,Graduate,Salaried,366459.27,191348.16,Home,640.0686486114522,7,63,64.03,2020-04-13,0,0
C1971,51.0,Female,North,Graduate,Salaried,288399.6,183612.03,Home,569.071968,2,57,74.05,2020-12-29,0,0
C1972,29.0,Male,North,Secondary,Unemployed,738350.49,201480.24,Car,692.0680392,5,56,51.64,2024-02-28,0,1
C1973,49.0,Male,West,Post-Graduate,Salaried,494827.11,279637.09,Other,655.5861688,4,85,83.4,2019-06-21,1,1
C1974,34.0,Female,East,Secondary,Salaried,209457.99,109664.35,Car,552.1121216,0,19,72.23,2021-03-25,1,0
C1975,40.31739130434783,Female,West,Secondary,Salaried,546446.1,257737.25,Home,642.715688,2,125,77.84,2022-11-30,0,0
C1976,31.0,Female,South,Graduate,Self-Employed,565962.78,195802.66,Education,681.2770224,4,9,79.44,2023-06-09,0,0
C1977,43.0,Male,East,Graduate,Salaried,451625.77,328072.12,Other,624.1300616,6,139,26.91,2019-05-13,0,1
C1978,40.31739130434783,Male,South,Graduate,Unemployed,575595.35,371687.95,Business,644.047628,6,22,24.17,2018-04-29,0,1
C1979,57.0,Male,West,Graduate,Salaried,249913.56,184914.63,Education,579.9930848,2,60,80.07,2025-01-24,1,1
C1980,41.0,Female,East,Post-Graduate,Unemployed,1203457.09,833186.04,Other,666.455676,5,79,39.45,2024-10-29,0,0
C1981,46.0,Male,South,Secondary,Salaried,602680.62,478663.81,Home,595.2144496,6,100,63.65,2020-09-07,0,1
C1982,56.0,Male,West,Post-Graduate,Self-Employed,209457.99,58118.91,Home,599.7461448,4,118,53.28,2019-10-11,0,1
C1983,40.31739130434783,Other,West,Graduate,Unemployed,487359.15,122838.22,Education,576.988732,7,105,21.65,2021-06-26,1,2
C1984,21.0,Male,East,Graduate,Salaried,611515.82,245952.69,Other,585.9212656,1,32,23.02,2024-03-06,0,1
C1985,35.0,Male,West,Graduate,Unemployed,265106.62,73541.24,Business,641.2085296,4,54,82.03,2018-02-26,1,1
C1986,41.0,Female,North,Graduate,Salaried,655724.92,336962.65,Business,642.4579936,6,6,65.58,2024-03-12,1,0
C1987,29.0,Female,South,Post-Graduate,Unemployed,638431.4485222222,370173.63,Car,638.0745158817778,6,72,59.29,2022-07-30,0,0
C1988,29.0,Male,South,Graduate,Self-Employed,343038.17,187632.67,Education,577.4430536,3,132,90.83,2019-01-17,0,1
C1989,30.0,Male,West,Graduate,Salaried,618864.29,220033.54,Other,595.5091432,0,81,32.98,2020-07-09,0,1
C1990,46.0,Female,West,Graduate,Salaried,638431.4485222222,475819.4,Education,597.0745158817778,5,28,39.35,2019-04-10,0,0
C1991,55.0,Female,North,Post-Graduate,Salaried,832808.91,177141.3,Business,619.6247128,4,116,76.76,2023-03-06,1,0
C1992,45.0,Female,East,Graduate,Salaried,460531.69,188269.04,Other,653.8425352,6,123,78.14,2019-04-27,0,0
C1993,46.0,Male,West,Post-Graduate,Salaried,271931.6,171696.38,Home,557.754528,5,40,50.37,2019-09-23,0,1
C1994,31.0,Female,West,Graduate,Salaried,803956.33,530737.68,Home,660.3165064,2,6,91.32,2023-08-04,0,0
C1995,58.0,Female,West,Secondary,Salaried,280970.98,126344.54,Other,614.4776784,2,131,90.37,2021-04-10,0,0
C1996,22.0,Female,West,Secondary,Self-Employed,1203457.09,277873.28,Education,753.7830008,4,109,20.93,2023-09-16,0,0
C1997,27.0,Female,South,Graduate,Salaried,665586.0,379933.93,Education,640.0686486114522,3,22,32.92,2021-01-24,0,0
C1998,40.31739130434783,Female,West,Secondary,Salaried,351726.44,83660.53,Home,601.1381152,6,12,81.52,2022-08-29,0,0
C1999,47.0,Female,South,Secondary,Self-Employed,899647.58,238148.83,Home,644.9718064,4,19,45.14,2023-05-31,0,0
