customer_id,age,gender,region,education_level,employment_type,annual_income,loan_amount,loan_purpose,credit_score,repayment_history,transaction_count,spending_ratio,join_date,default_flag,gender_encoded
C1000,1.6901330356064703,Other,South,Secondary,Unemployed,0.6108941928679433,-0.0381543075669915,Other,0.49636339036905186,2,150,80.45,2019-04-02,0,2
C1001,0.785477233443361,Male,South,Secondary,Self-Employed,2.3108182590219744,0.4955352880077887,Car,4.169010698437657,5,35,33.45,2018-04-13,1,1
C1002,-0.4810408895849922,Female,South,Secondary,Salaried,-0.33388140649707887,-0.4746811016732766,Education,-1.2782287344675132,3,123,80.98,2021-01-31,0,0
C1003,-1.1142999510991687,Male,East,Graduate,Salaried,0.2201651998911575,0.05387152049546771,Education,0.8120384693597491,1,98,90.53,2020-09-30,1,1
C1004,0.061752591712873464,Male,West,Secondary,Salaried,-0.8695755075783925,-0.19611230536704982,Education,-1.04647148003344,7,34,45.18,2020-07-03,0,1
C1005,6.427966085902237e-16,Female,East,Post-Graduate,Salaried,-0.18050362778893023,-0.436884826135301,Business,-2.307613657416913e-15,6,59,59.74,2019-07-26,1,0
C1006,-0.11917856871974841,Other,West,Graduate,Self-Employed,-1.0561486861587939,-0.4506751030271797,Other,-0.7223918801801156,2,109,69.37,2019-02-24,0,2
C1007,0.24268375214549534,Female,South,Graduate,Unemployed,0.6080553258584882,0.5053673392074177,Home,-2.307613657416913e-15,5,45,25.96,2024-02-12,0,0
C1008,-0.842903210450236,Female,North,Secondary,Salaried,0.5234515832234907,0.3704396459200738,Home,-0.8816789161789746,2,78,57.06,2018-12-23,0,0
C1009,-0.842903210450236,Female,South,Graduate,Salaried,0.05279700427882466,-0.07107330538644312,Education,0.9618645685189613,1,81,47.04,2024-08-15,0,0
C1010,0.33314933236180627,Male,West,Graduate,Salaried,-0.3522634070926723,-0.03188254200699924,Other,0.8043964754972548,6,89,85.43,2022-09-25,1,1
C1011,1.4187362949575375,Male,East,Post-Graduate,Salaried,0.45852380419680333,0.06060169941481212,Car,-0.889875339705964,0,108,85.75,2018-05-11,0,1
C1012,0.33314933236180627,Female,South,Post-Graduate,Salaried,0.6536858468167465,-0.2564567048558911,Home,0.657228960017949,5,83,72.56,2018-05-03,0,0
C1013,-1.5666278521807235,Male,East,Graduate,Self-Employed,0.1813570452762322,-0.3716372940657603,Education,-1.1738974844244356,7,88,69.18,2019-01-19,1,1
C1014,0.1522181719291844,Female,East,Post-Graduate,Self-Employed,-1.2628421737142295,-0.5969251841703225,Home,-1.381445592690807,0,137,75.03,2020-06-14,0,0
C1015,-1.6570934323970343,Female,East,Post-Graduate,Salaried,-0.9694802120595659,-0.46907958957674306,Home,0.10726510829555337,3,128,47.45,2020-08-10,1,0
C1016,0.33314933236180627,Male,South,Post-Graduate,Salaried,-0.5809564859260751,-0.033567237485130706,Home,0.6634355477776112,6,36,50.34,2023-09-01,0,1
C1017,0.875942813659672,Male,East,Secondary,Unemployed,-1.3386425573400043,-0.42891957857347435,Education,-1.7597773204538596,4,10,61.53,2024-10-01,1,1
C1018,1.5996674553901595,Female,East,Secondary,Salaried,-0.09575898523249969,-0.18434182774371682,Education,-1.0722356629044512,2,98,90.35,2018-04-19,0,0
C1019,-1.6570934323970343,Male,South,Secondary,Salaried,1.7889388994233413,0.44096271693916395,Business,0.32323230085847715,5,30,74.3,2024-04-17,0,1
C1020,0.061752591712873464,Female,East,Graduate,Salaried,1.4591487209228167,0.0348355971876816,Business,1.0310148973425144,7,41,61.32,2020-03-25,0,0
C1021,1.1473395543086047,Male,South,Graduate,Salaried,0.5752186879710603,0.28139740471697905,Business,0.054449054662220886,2,17,77.78,2024-02-11,0,1
C1022,-0.752437630233925,Female,West,Graduate,Salaried,2.3108182590219744,14.064764578943997,Home,5.2760825129451145,3,97,47.82,2022-09-15,0,0
C1023,0.1522181719291844,Male,West,Post-Graduate,Self-Employed,2.3108182590219744,0.5348585374822311,Other,1.8514273393308447,3,29,74.79,2020-06-21,0,1
C1024,0.42361491257811723,Female,West,Post-Graduate,Salaried,0.7355565823885122,-0.3659594103310883,Education,1.383290476027094,2,145,50.8,2023-01-14,1,0
C1025,0.6045460730107391,Male,East,Post-Graduate,Salaried,0.8679321325766293,0.30429308959238616,Business,1.3195973171411348,5,24,40.97,2024-08-10,1,1
C1026,0.69501165322705,Male,North,Graduate,Self-Employed,-1.3221805771811406,-0.49432093216110407,Other,0.0742658306766483,7,76,65.73,2021-02-13,1,1
C1027,-0.39057530936868123,Male,North,Graduate,Salaried,1.6234775464132032,0.2626946122465042,Business,-2.307613657416913e-15,6,119,71.52,2018-01-27,1,1
C1028,-0.4810408895849922,Female,East,Graduate,Unemployed,0.11036464946317046,0.05128842017469832,Business,0.4999772597482265,1,131,54.45,2019-10-16,1,0
C1029,6.427966085902237e-16,Female,North,Secondary,Unemployed,-0.4106304595255884,-0.19819810679928568,Other,0.5352055158673464,6,30,62.41,2022-09-28,1,0
C1030,1.5092018751738485,Male,South,Secondary,Salaried,-0.6312820675541334,-0.43938643890465306,Business,0.13389989607462838,1,58,72.05,2021-10-25,1,1
C1031,-1.2047655313154797,Male,North,Graduate,Self-Employed,-0.8041683062087417,-0.40370246201791304,Home,-0.9365747337696742,7,143,77.58,2021-02-12,0,1
C1032,0.061752591712873464,Male,East,Graduate,Salaried,1.469237606709964,0.25540067344863315,Home,0.6903768026441983,4,129,87.17,2019-09-29,1,1
C1033,-1.023834370882858,Female,East,Post-Graduate,Unemployed,-0.36095853808976514,0.036552846392012686,Home,-0.5187884822000863,6,15,46.59,2020-05-31,1,0
C1034,1.6901330356064703,Female,South,Secondary,Salaried,-0.7767249384232138,3.1767485477539266,Car,-1.1275106955587175,7,31,91.36,2021-10-10,0,0
C1035,6.427966085902237e-16,Male,West,Graduate,Unemployed,0.2201651998911575,0.3101177059787655,Business,-0.7509063286669239,2,98,67.8,2019-02-23,0,1
C1036,-1.4761622719644125,Male,East,Graduate,Self-Employed,-0.15499067772950198,0.010473251093340382,Car,-0.8343564714248162,2,87,79.08,2019-01-15,0,1
C1037,0.42361491257811723,Male,South,Graduate,Salaried,-0.6576165884789744,-0.2604306912316501,Education,-1.3391122301158258,5,38,72.48,2022-04-06,1,1
C1038,-0.5715064698013032,Male,North,Graduate,Salaried,-0.8326765636315686,-0.26944463219167025,Other,-1.5783234727614555,2,42,35.42,2019-02-01,1,1
C1039,-1.023834370882858,Male,North,Graduate,Unemployed,-1.2961813225872088,-0.3671449945567894,Education,-0.8683293215670007,5,91,25.36,2022-01-10,0,1
C1040,0.5140804927944281,Other,South,Graduate,Unemployed,0.9242798168078352,-0.10214786735036516,Car,-2.307613657416913e-15,7,69,74.47,2021-11-09,0,2
C1041,-1.6570934323970343,Male,South,Graduate,Salaried,-0.46521293562869753,-0.2258115813702852,Home,0.5518472486867232,2,135,58.33,2024-10-08,0,1
C1042,-0.028712988503437474,Female,East,Secondary,Self-Employed,-1.1461199461789593,-0.38855534398272923,Business,-1.4926043864320033,3,146,72.67,2020-12-19,0,0
C1043,0.69501165322705,Male,North,Secondary,Salaried,-0.5836804277370088,-0.18052833880875602,Business,-1.0833865473705309,0,56,55.76,2018-06-27,0,1
C1044,-1.2047655313154797,Male,South,Graduate,Salaried,0.3049274234046671,-0.23447527727189144,Home,1.2146012025597674,7,34,43.42,2023-02-25,0,1
C1045,-1.1142999510991687,Female,North,Post-Graduate,Salaried,-0.30403341578768756,-0.1384480479620676,Business,0.6631789650165326,2,117,41.38,2024-01-06,1,0
C1046,1.3282707147412267,Female,South,Graduate,Salaried,-0.13257537988186646,0.07661427856407657,Other,0.06859208936480697,0,147,74.79,2019-05-27,0,0
C1047,-0.5715064698013032,Other,North,Graduate,Self-Employed,-0.2901237666636007,-0.21061064300975652,Other,-0.3456158224174822,1,146,40.76,2022-03-31,0,2
C1048,-0.3001097291523703,Male,West,Graduate,Salaried,0.2201651998911575,0.2224997075028904,Other,0.8526344381396627,4,12,73.6,2018-11-19,1,1
C1049,1.4187362949575375,Male,East,Post-Graduate,Self-Employed,0.9060376801048402,0.018495140762275493,Education,1.3769164055386331,6,76,48.8,2024-03-11,0,1
C1050,-1.4761622719644125,Female,North,Post-Graduate,Salaried,-1.3670807718134426,-0.43298110900785036,Home,-1.0916659165809315,6,36,77.82,2021-04-15,0,0
C1051,-1.6570934323970343,Male,West,Graduate,Salaried,0.18983065110798406,-0.0152179247985061,Other,0.7175338169656595,7,99,30.71,2025-01-18,0,1
C1052,-1.2952311115317907,Male,North,Graduate,Salaried,0.3959988720445489,0.1098571159882032,Car,-0.7346333672282714,1,45,35.37,2024-12-08,0,1
C1053,-1.4761622719644125,Male,North,Post-Graduate,Salaried,-0.5390020172772558,-0.5500771145023271,Other,-2.307613657416913e-15,2,79,71.44,2022-01-21,1,1
C1054,0.785477233443361,Male,West,Graduate,Salaried,0.05521002643644932,-0.3559139131352924,Education,-0.1940615552669845,6,49,62.02,2024-06-22,1,1
C1055,-0.20964414893605934,Female,North,Graduate,Salaried,-0.5887287372381953,-0.20919296149867034,Car,0.07138304598003808,5,17,35.29,2020-02-27,0,0
C1056,0.5140804927944281,Male,North,Secondary,Self-Employed,0.06984863284839003,-0.14778257086001134,Home,-2.307613657416913e-15,1,23,87.71,2018-10-12,0,1
C1057,1.2378051345249157,Male,East,Post-Graduate,Salaried,0.9814134769137978,0.21023314688072678,Home,0.679268625137278,3,57,40.7,2018-07-07,0,1
C1058,-0.9333687906665469,Male,West,Post-Graduate,Salaried,-0.9718900151275992,-0.5950465428139025,Other,-0.09677230930589548,0,141,51.58,2020-07-22,0,1
C1059,1.4187362949575375,Male,West,Secondary,Salaried,0.47883714754424134,0.37073100062249453,Car,-2.307613657416913e-15,5,7,35.17,2021-03-31,1,1
C1060,-0.5715064698013032,Male,South,Graduate,Salaried,2.3108182590219744,1.140771362000645,Car,-2.307613657416913e-15,6,100,49.1,2018-11-23,0,1
C1061,0.9664083938759829,Male,North,Graduate,Unemployed,-0.049593836394835,-0.36380590907784116,Other,0.7545451292255335,5,140,56.87,2020-08-11,0,1
C1062,-0.4810408895849922,Male,East,Secondary,Salaried,-0.7702708117962616,-0.2737382828527466,Other,0.5397565025898382,2,18,42.14,2019-02-18,1,1
C1063,-1.1142999510991687,Male,North,Post-Graduate,Salaried,2.3108182590219744,1.923639543276134,Business,2.5523987766497633,3,124,77.68,2022-04-06,1,1
C1064,-0.5715064698013032,Male,North,Secondary,Salaried,-0.24250603139851803,-0.0791420641622322,Business,0.7510750182910012,0,135,49.54,2021-02-12,0,1
C1065,0.24268375214549534,Male,South,Secondary,Unemployed,0.2201651998911575,-0.20186672132906638,Other,1.197700172768928,3,17,74.71,2023-02-01,1,1
C1066,6.427966085902237e-16,Female,North,Graduate,Salaried,-0.06357730257334902,-0.002499557915754047,Education,0.3830445825594011,1,76,35.53,2022-02-03,0,0
C1067,-0.39057530936868123,Female,East,Graduate,Salaried,0.1723596898678309,-0.2993604742099334,Business,-1.1372501231438688,2,150,48.28,2019-10-29,0,0
C1068,-0.20964414893605934,Male,East,Secondary,Salaried,-0.6405904906199623,-0.4036076226210778,Other,-1.433130025575204,5,86,20.6,2022-02-25,0,1
C1069,0.33314933236180627,Male,South,Graduate,Salaried,-0.13368348672195812,-0.3391507170955944,Car,0.16959570408538088,5,61,76.9,2021-12-26,0,1
C1070,0.5140804927944281,Male,North,Graduate,Salaried,0.9122053077581438,0.24397204436236883,Business,1.2375372591465308,1,11,66.94,2020-05-08,0,1
C1071,0.42361491257811723,Female,East,Secondary,Self-Employed,0.2201651998911575,-0.37953243296848477,Education,0.9744223444794035,5,116,81.34,2020-12-29,0,0
C1072,0.785477233443361,Other,North,Secondary,Salaried,-0.7061084730727984,-0.09092435656286817,Home,0.6694049089341091,4,52,54.17,2018-10-20,0,2
C1073,-0.4810408895849922,Female,North,Graduate,Self-Employed,-0.6014481002350319,-0.38537501240462757,Car,-1.35505792069289,2,84,79.98,2024-10-31,0,0
C1074,-1.7475590126133453,Male,North,Graduate,Salaried,0.2201651998911575,-0.28221246054988847,Education,1.116508235209101,1,123,68.57,2025-02-13,0,1
C1075,0.42361491257811723,Female,South,Post-Graduate,Salaried,-0.8993944894804299,-0.3839156924065419,Education,0.48308888206093153,2,124,20.27,2019-12-02,0,0
C1076,-1.2047655313154797,Male,North,Post-Graduate,Unemployed,-0.9269303598404278,-0.49166636964363863,Education,0.6333882791012823,0,64,39.03,2023-12-28,0,1
C1077,-1.023834370882858,Male,East,Post-Graduate,Salaried,-0.3334794643104917,-0.1833974943881462,Car,-0.709708773945181,2,37,57.04,2020-09-29,0,1
C1078,0.33314933236180627,Male,North,Graduate,Self-Employed,0.723366852132061,-0.040736650824360864,Education,1.17496100903042,2,119,66.4,2019-11-01,0,1
C1079,-1.7475590126133453,Other,East,Post-Graduate,Salaried,1.8823715687791445,-0.07079764254358584,Home,0.9325800169040707,0,132,24.92,2023-03-09,1,2
C1080,-1.1142999510991687,Male,North,Graduate,Salaried,0.2201651998911575,-0.2409752630350082,Business,-0.20286075013809052,1,7,72.88,2022-04-04,0,1
C1081,0.33314933236180627,Female,East,Graduate,Unemployed,0.1833412254986142,-0.09991769622188254,Car,0.5523019722522214,2,8,60.77,2021-01-10,0,0
C1082,-0.842903210450236,Male,East,Secondary,Salaried,-0.07381826259292522,-0.48778740619523614,Education,-2.307613657416913e-15,3,104,59.43,2024-03-31,0,1
C1083,-0.3001097291523703,Male,North,Secondary,Unemployed,-1.3670807718134426,-0.5326368514285705,Other,0.4526349392077542,2,8,41.9,2020-06-18,1,1
C1084,-1.1142999510991687,Male,North,Graduate,Salaried,-1.1798554870840572,-0.42565730061765245,Business,-1.3044298273929202,1,46,64.61,2021-08-21,1,1
C1085,1.3282707147412267,Male,East,Graduate,Unemployed,0.6077505853771542,0.18859625196766852,Car,-0.8649811771610711,7,13,22.06,2018-08-18,0,1
C1086,1.3282707147412267,Male,West,Secondary,Salaried,0.7587912310397732,0.18142738922000212,Other,-0.8392909763835661,5,55,24.85,2020-07-27,0,1
C1087,1.1473395543086047,Male,South,Graduate,Salaried,0.7225196765540348,0.21673145792783757,Other,0.07849805785227965,6,149,75.04,2018-05-12,0,1
C1088,-1.3856966917481015,Female,West,Graduate,Self-Employed,-0.5015109088497046,0.006301900583335441,Education,-0.9661334380809313,0,149,44.14,2021-07-16,1,0
C1089,1.6901330356064703,Female,West,Graduate,Unemployed,-1.3670807718134426,-0.6907559431436209,Car,-1.2587028042118134,5,101,46.02,2022-07-02,0,0
C1090,0.69501165322705,Female,North,Graduate,Unemployed,0.2201651998911575,-0.4326348786795878,Education,0.8526344381396627,1,24,35.63,2021-01-01,1,0
C1091,-1.2047655313154797,Male,South,Post-Graduate,Self-Employed,-1.0243434889777363,-0.5493381517999905,Home,-0.9114135958956983,4,146,53.42,2018-09-29,0,1
C1092,-1.023834370882858,Male,West,Post-Graduate,Unemployed,0.41448917465433194,-0.2914270921348518,Other,1.2017898617786533,6,26,23.9,2020-05-14,0,1
C1093,-1.1142999510991687,Male,North,Graduate,Salaried,-0.6557877015786125,-0.4830753747697466,Home,-2.307613657416913e-15,5,31,42.53,2024-05-12,1,1
C1094,-0.752437630233925,Other,West,Graduate,Salaried,2.3108182590219744,0.9467249778103606,Education,1.2187305108353477,2,47,59.53,2021-07-12,1,2
C1095,1.2378051345249157,Female,West,Graduate,Salaried,1.9133106088538954,0.42851785641564494,Business,-2.307613657416913e-15,6,135,54.92,2020-05-20,0,0
C1096,6.427966085902237e-16,Male,North,Post-Graduate,Salaried,2.3108182590219744,1.4714752375819924,Other,2.1746382179290555,2,98,94.98,2023-08-07,0,1
C1097,0.24268375214549534,Female,North,Graduate,Salaried,-1.049269861711935,-0.5398162212985762,Business,-0.25251937682714626,0,12,49.16,2022-06-09,0,0
C1098,0.33314933236180627,Male,North,Secondary,Salaried,0.22778530843671937,-0.19966102858385013,Car,-2.307613657416913e-15,2,90,49.02,2023-02-23,0,1
C1099,1.5092018751738485,Female,South,Secondary,Salaried,-0.750834059845531,-0.0856395263806824,Other,0.20322084163577087,6,93,57.77,2019-08-09,0,0
C1100,6.427966085902237e-16,Male,West,Graduate,Self-Employed,0.024547458056275354,0.1715119692811137,Home,0.15784549321301172,3,142,34.27,2020-12-20,0,1
C1101,0.1522181719291844,Female,North,Graduate,Salaried,-0.9805385248271591,-0.42052622312961035,Business,-0.5065275090869145,3,117,85.72,2019-07-26,0,0
C1102,0.6045460730107391,Male,East,Post-Graduate,Salaried,1.4089274081967007,0.4054037931613133,Car,0.9480806619945914,7,25,62.92,2020-10-07,0,1
C1103,6.427966085902237e-16,Female,West,Secondary,Salaried,-0.9685417549410527,-0.25393394019396953,Other,0.45274269714728294,5,13,34.41,2024-04-18,0,0
C1104,-1.7475590126133453,Female,East,Graduate,Self-Employed,-1.3670807718134426,-0.5797689345781383,Car,0.3924636105205538,1,40,79.51,2024-01-17,0,0
C1105,1.3282707147412267,Female,South,Post-Graduate,Self-Employed,2.3108182590219744,0.34338534296457063,Home,1.1294640838003582,7,40,22.57,2020-12-12,0,0
C1106,1.5092018751738485,Male,North,Post-Graduate,Self-Employed,0.16553825401817285,0.22977653207965856,Other,-0.8763700027193624,0,77,93.69,2024-07-22,0,1
C1107,-0.5715064698013032,Male,East,Graduate,Salaried,-1.1372548324510203,-0.44193973845704093,Car,0.5613826084560118,4,5,84.89,2022-10-21,0,1
C1108,-1.5666278521807235,Male,South,Graduate,Salaried,-0.4874279099010607,-0.4681786611894387,Education,-0.3510133974729097,7,73,63.47,2024-07-18,0,1
C1109,6.427966085902237e-16,Male,North,Graduate,Salaried,-0.8248041505318123,-0.35645968702274045,Other,0.21135406535856358,5,41,28.35,2022-06-24,0,1
C1110,-1.3856966917481015,Male,East,Post-Graduate,Salaried,-0.3272376865934927,-0.26354736066020695,Other,-0.5039896439794441,1,76,36.15,2022-01-22,0,1
C1111,6.427966085902237e-16,Female,East,Secondary,Salaried,0.6712632600195994,0.4990012848421537,Other,1.3550745077408146,0,111,40.96,2020-06-17,0,0
C1112,-0.5715064698013032,Male,South,Post-Graduate,Salaried,0.4385203074728096,-0.32654834150224704,Other,-0.9392501055425967,6,100,38.08,2019-07-21,0,1
C1113,1.6901330356064703,Male,North,Graduate,Salaried,-0.06202792145200597,0.1676111427593722,Education,-1.260412186788422,0,145,57.31,2023-09-19,0,1
C1114,0.6045460730107391,Male,North,Graduate,Unemployed,-0.3277250641578605,-0.1968559022150471,Home,-2.307613657416913e-15,6,88,90.84,2023-07-15,1,1
C1115,-1.023834370882858,Male,East,Secondary,Unemployed,1.1322519119486252,0.13101520271273995,Education,0.9281479114165528,5,47,53.31,2019-01-08,1,1
C1116,-0.4810408895849922,Female,East,Graduate,Salaried,-1.3670807718134426,-0.6519646110022752,Education,-1.1063083953682202,1,41,69.62,2018-07-12,0,0
C1117,-0.4810408895849922,Male,East,Graduate,Salaried,0.2201651998911575,0.1412293644575278,Car,0.8729324225296194,7,29,71.64,2019-03-26,0,1
C1118,0.5140804927944281,Female,North,Secondary,Salaried,-1.0859940867960998,-0.27248366820975545,Business,-2.307613657416913e-15,1,77,85.37,2019-09-19,0,0
C1119,-0.661972050017614,Male,South,Graduate,Salaried,1.004406693845692,0.062000064338540925,Business,1.1562131411123555,2,46,22.54,2025-01-14,0,1
C1120,1.0568739740922939,Other,South,Post-Graduate,Unemployed,-0.93725405416261,0.5208645875944397,Car,0.060514027444389745,4,6,50.32,2019-10-18,0,2
C1121,1.6901330356064703,Female,North,Graduate,Salaried,0.2201651998911575,0.012969403829686504,Education,0.12190700010121816,3,140,78.86,2022-09-26,0,0
C1122,1.0568739740922939,Male,West,Graduate,Self-Employed,0.30519053772748955,0.2607646511680907,Car,0.9508428766639274,2,100,81.12,2024-09-08,0,1
C1123,-1.4761622719644125,Female,South,Secondary,Salaried,-1.0445924505333433,-0.6299369337269306,Other,-0.8391081808553434,0,65,89.55,2018-09-18,1,0
C1124,0.875942813659672,Male,East,Graduate,Salaried,-0.6503459971287199,-0.23220576178792446,Car,-0.929961747885751,4,18,72.71,2022-04-26,0,1
C1125,1.5092018751738485,Female,West,Secondary,Salaried,2.3108182590219744,1.5509166989834977,Car,2.0266733813845264,4,117,38.39,2022-04-13,0,0
C1126,0.24268375214549534,Male,West,Graduate,Self-Employed,0.2201651998911575,-0.19505250837232305,Other,0.913528391309533,1,81,57.92,2024-09-06,1,1
C1127,1.6901330356064703,Female,South,Post-Graduate,Salaried,-0.531221514735493,-0.2972941040716306,Business,-0.5732126395871144,4,25,22.43,2023-04-02,0,0
C1128,-0.4810408895849922,Female,West,Graduate,Self-Employed,-0.44955813293465907,-0.4021901246405128,Other,-0.9027373117793414,5,68,68.52,2023-12-08,0,0
C1129,0.785477233443361,Male,West,Secondary,Salaried,0.8380371135583775,6.703920968396932,Home,-2.307613657416913e-15,4,61,61.57,2020-10-26,0,1
C1130,1.4187362949575375,Female,South,Graduate,Salaried,0.4628930707993203,0.17037667241822418,Car,-0.9691497672764406,0,123,70.01,2024-03-16,0,0
C1131,6.427966085902237e-16,Male,South,Graduate,Unemployed,-0.2561504201400549,-0.15995890328968507,Car,0.6841930460573816,5,56,89.76,2018-02-17,0,1
C1132,1.0568739740922939,Male,West,Graduate,Unemployed,-0.2269237137218344,-0.2504199730696234,Business,0.14897399120198693,5,99,71.55,2019-04-15,0,1
C1133,-1.2047655313154797,Male,East,Post-Graduate,Unemployed,-1.340433592186893,-0.5812617718376599,Education,-1.3749016361921973,2,150,44.03,2024-01-09,0,1
C1134,6.427966085902237e-16,Male,North,Post-Graduate,Self-Employed,-1.3670807718134426,-0.4604328243657184,Other,-1.047942223267174,4,144,34.91,2020-12-28,0,1
C1135,6.427966085902237e-16,Male,West,Graduate,Self-Employed,-0.5006176299885625,-0.2883690377665063,Education,-0.19441800411125873,1,93,84.1,2021-10-25,1,1
C1136,-1.6570934323970343,Male,West,Graduate,Salaried,-0.8650590138783489,-0.3709887430864347,Home,-0.8415095136006122,6,14,34.57,2019-04-02,0,1
C1137,6.427966085902237e-16,Other,East,Graduate,Salaried,0.2201651998911575,-0.01694292816735845,Other,0.24369490644095892,2,56,32.12,2021-04-17,0,2
C1138,0.69501165322705,Female,West,Secondary,Salaried,0.2201651998911575,-0.08062143486976017,Home,-2.307613657416913e-15,1,38,35.5,2022-11-16,1,0
C1139,0.69501165322705,Female,West,Graduate,Self-Employed,-0.9593682746308605,-0.5082312838964844,Home,-2.307613657416913e-15,4,119,58.16,2019-10-10,0,0
C1140,-0.028712988503437474,Male,North,Graduate,Salaried,-0.1630621193684882,-0.43356489665450404,Home,-0.533428963665712,2,140,29.31,2023-02-02,0,1
C1141,0.875942813659672,Male,North,Graduate,Salaried,-0.7047168273414417,-0.536639445624323,Other,-2.307613657416913e-15,4,129,90.36,2018-01-14,0,1
C1142,-0.842903210450236,Female,North,Graduate,Self-Employed,2.3108182590219744,1.5201520512459539,Other,2.5539886934094476,0,47,92.47,2020-12-14,0,0
C1143,0.69501165322705,Male,South,Secondary,Self-Employed,0.09523348534269221,-0.3040878763165743,Business,-0.33888061019075766,2,33,93.04,2023-08-13,0,1
C1144,0.42361491257811723,Female,South,Graduate,Salaried,-1.3670807718134426,-0.6565976325383839,Car,-1.4307825068461488,1,110,22.93,2020-01-02,0,0
C1145,1.6901330356064703,Female,North,Secondary,Salaried,0.2201651998911575,0.22620762050552506,Education,1.0556142820392307,0,124,90.96,2023-09-11,1,0
C1146,1.1473395543086047,Male,North,Secondary,Salaried,-0.864963366216347,-0.5360046823754032,Education,-0.6181897090793689,3,85,94.81,2019-03-12,0,1
C1147,-1.7475590126133453,Male,South,Post-Graduate,Salaried,-1.0837112712622987,-0.39018667796181894,Home,-1.0389578482245556,1,35,90.68,2025-01-05,0,1
C1148,0.6045460730107391,Male,East,Secondary,Salaried,2.3108182590219744,0.7028002056337529,Other,2.742334064046768,6,132,70.32,2021-05-07,0,1
C1149,-0.661972050017614,Male,West,Graduate,Self-Employed,0.04606144781930444,-0.3932728354412247,Other,-0.5025462949054436,7,42,72.59,2023-09-11,0,1
C1150,-1.5666278521807235,Male,West,Secondary,Self-Employed,0.2201651998911575,-0.1103999960581581,Home,-0.9538861725664918,4,105,29.17,2024-10-30,0,1
C1151,1.6901330356064703,Male,North,Post-Graduate,Self-Employed,0.5654232943521911,-0.4169114977491199,Car,0.5170038585900232,1,136,85.57,2020-03-25,0,1
C1152,-1.2952311115317907,Male,East,Graduate,Salaried,-0.5267402830168375,-0.06185018551487381,Education,-1.0786956019860727,3,134,24.47,2019-09-19,0,1
C1153,-1.1142999510991687,Male,South,Secondary,Salaried,0.2201651998911575,-0.02338510181629407,Business,-0.16226478135817693,1,16,43.83,2022-03-12,0,1
C1154,6.427966085902237e-16,Other,North,Graduate,Salaried,-0.6976037493749948,-0.5136673202868319,Car,0.5716473965923379,0,39,94.34,2019-10-24,1,2
C1155,-1.023834370882858,Male,East,Graduate,Salaried,2.2408729553508833,0.16233395203513182,Other,2.064216305974765,5,114,51.67,2024-01-19,1,1
C1156,1.5092018751738485,Other,East,Post-Graduate,Self-Employed,-0.11838529995301633,-0.17936721002500616,Home,-1.1024635024499119,7,76,29.84,2023-12-13,0,2
C1157,1.1473395543086047,Male,East,Secondary,Salaried,1.5824803684070594,-0.04401427652001882,Education,-0.4778041886212127,1,114,92.7,2018-01-03,0,1
C1158,0.33314933236180627,Male,South,Post-Graduate,Salaried,-0.407447593942194,-0.3791375899934168,Home,0.6177942957593411,2,65,93.81,2024-09-19,0,1
C1159,-0.4810408895849922,Male,South,Post-Graduate,Salaried,-0.9480012622717457,-0.3821145926953329,Other,-1.1417836048846235,6,52,34.03,2021-08-20,1,1
C1160,1.0568739740922939,Male,West,Post-Graduate,Salaried,-1.3236681665827374,-0.41258178334062584,Home,-1.4284378623116856,3,147,84.86,2023-06-25,0,1
C1161,1.0568739740922939,Male,West,Graduate,Self-Employed,0.44167897438272274,-0.06092665993214538,Education,0.3003131646715028,1,75,49.28,2018-03-21,0,1
C1162,0.33314933236180627,Female,East,Graduate,Salaried,0.2201651998911575,0.15542820323093504,Home,0.4872707191204404,3,147,48.6,2019-04-04,1,0
C1163,-0.752437630233925,Male,East,Graduate,Self-Employed,-1.0307586165192917,-0.26731219106573195,Education,-0.91422895880736,5,138,39.7,2022-01-26,0,1
C1164,1.6901330356064703,Female,South,Post-Graduate,Salaried,0.2572702080408009,-0.27697124180780525,Home,0.8689184579202096,0,72,23.35,2021-06-13,1,0
C1165,-1.6570934323970343,Female,West,Graduate,Salaried,-1.2931329557470939,-0.4073646529794514,Home,-1.1917592560127488,2,26,40.1,2020-09-07,0,0
C1166,-1.5666278521807235,Male,East,Graduate,Self-Employed,0.2201651998911575,0.19095487151968293,Education,-0.7509063286669239,4,36,24.03,2018-08-26,0,1
C1167,1.5092018751738485,Male,West,Graduate,Salaried,0.2201651998911575,-0.1609686423347519,Home,0.36548281278069966,1,127,89.33,2020-09-13,0,1
C1168,6.427966085902237e-16,Female,West,Graduate,Salaried,-1.3670807718134426,-0.42344557430655144,Car,-0.5064269285146669,0,26,69.63,2024-05-12,1,0
C1169,-1.6570934323970343,Male,East,Post-Graduate,Salaried,-0.3508046044922502,-0.37046992524428934,Business,0.6223548306536885,7,114,86.5,2018-11-19,0,1
C1170,-1.6570934323970343,Male,South,Secondary,Salaried,-1.000229695858712,-0.5177369490054564,Car,-1.7127503169220966,3,19,73.8,2018-12-17,0,1
C1171,0.69501165322705,Other,East,Post-Graduate,Salaried,0.3809510342431529,0.27014099608355513,Business,-0.05110583907182117,5,128,29.85,2023-06-14,0,2
C1172,0.24268375214549534,Male,East,Graduate,Salaried,-0.49027354809896717,-0.295642306439426,Car,-1.0220957280098661,6,48,90.54,2018-10-11,1,1
C1173,1.5092018751738485,Female,West,Post-Graduate,Unemployed,0.8908707359885568,-0.018235625393500637,Business,0.21327508283961616,3,119,87.49,2023-12-22,0,0
C1174,1.0568739740922939,Other,East,Graduate,Salaried,-0.5908314317589882,-0.47210309432447084,Home,0.6388038138132979,6,13,46.11,2019-05-31,0,2
C1175,1.1473395543086047,Male,South,Graduate,Salaried,-1.2869300291113723,-0.41804966227640333,Education,-0.6612894261145895,5,38,28.37,2019-06-10,1,1
C1176,-1.7475590126133453,Male,East,Post-Graduate,Salaried,-1.3435630652843031,-0.43496128862512984,Education,-0.665845592882697,6,77,72.81,2023-05-01,1,1
C1177,-0.11917856871974841,Male,South,Graduate,Salaried,-1.3670807718134426,-0.5556212274283522,Other,-1.7127456077897185,5,147,74.63,2024-03-01,0,1
C1178,-1.6570934323970343,Male,South,Post-Graduate,Salaried,0.42038658378709365,0.4627677716922808,Business,0.7375243762032402,0,49,87.26,2019-11-08,0,1
C1179,0.5140804927944281,Male,West,Graduate,Salaried,2.3108182590219744,1.0225581144583027,Other,1.4741761138728378,1,76,23.95,2020-12-21,0,1
C1180,1.0568739740922939,Female,North,Graduate,Unemployed,0.15634409013232933,-0.2947704905810485,Other,0.6216458626549176,4,62,30.63,2023-12-02,0,0
C1181,-1.2952311115317907,Male,North,Graduate,Salaried,0.2201651998911575,0.12070861040920769,Business,-2.307613657416913e-15,1,119,64.87,2024-10-20,0,1
C1182,1.0568739740922939,Male,West,Graduate,Self-Employed,1.232633374698617,0.6030431314240098,Education,-0.692233086258355,7,23,66.43,2022-09-30,0,1
C1183,-1.4761622719644125,Other,East,Graduate,Salaried,-0.7817152673107225,-0.4850577796945958,Business,-0.9673168917628016,7,20,22.52,2020-05-17,0,2
C1184,-0.842903210450236,Female,West,Secondary,Salaried,1.4862381738584225,-0.21423525609707716,Home,0.8399236153769191,2,79,49.77,2024-01-18,0,0
C1185,-0.3001097291523703,Female,South,Graduate,Self-Employed,-0.7516377592135564,-0.175895110800811,Other,-1.3600766704060487,1,110,63.81,2020-04-03,0,0
C1186,1.5996674553901595,Male,North,Secondary,Salaried,-0.7363612550480705,-0.08259262149150037,Other,0.1689764531776133,5,140,75.34,2021-06-30,0,1
C1187,0.33314933236180627,Female,West,Post-Graduate,Salaried,-0.529050923325039,-0.1806971868882692,Business,-1.2014975631491616,5,78,43.71,2022-06-23,0,0
C1188,-1.3856966917481015,Male,East,Post-Graduate,Salaried,-0.48645104571362746,-0.39112032066452906,Other,-1.3451859229120902,2,22,56.29,2022-03-10,1,1
C1189,6.427966085902237e-16,Male,West,Graduate,Unemployed,0.46074345897275626,0.5202552433227075,Education,-0.13787579264910832,3,47,81.05,2022-11-30,0,1
C1190,-1.2952311115317907,Male,North,Graduate,Salaried,-0.89119802136179,-0.19677381818943593,Other,-0.8935769288544788,5,54,91.54,2023-10-21,0,1
C1191,0.1522181719291844,Female,West,Graduate,Salaried,0.8080548831129156,0.16168934696201212,Business,1.1309355252847553,2,7,37.27,2023-01-24,0,0
C1192,-0.842903210450236,Male,West,Graduate,Salaried,0.7848484662473829,0.4940380001331279,Education,0.06525589641208505,5,63,38.98,2019-05-11,0,1
C1193,-0.39057530936868123,Male,North,Post-Graduate,Salaried,0.04260640266078989,0.1663861453542412,Education,0.02368500732272777,4,32,90.49,2020-10-12,1,1
C1194,1.1473395543086047,Male,South,Post-Graduate,Unemployed,0.2201651998911575,0.3468489309608447,Other,0.8729324225296194,5,50,49.69,2020-07-09,0,1
C1195,-1.023834370882858,Male,South,Graduate,Self-Employed,1.5305625584651636,0.8367821202626716,Business,0.04745657766214354,0,68,73.88,2018-09-20,0,1
C1196,-1.2952311115317907,Female,North,Post-Graduate,Self-Employed,1.116188802890876,0.4166847490019491,Other,0.048285076431391856,2,74,65.92,2021-10-16,0,0
C1197,6.427966085902237e-16,Female,West,Graduate,Unemployed,-0.2659231691286937,-0.10964947093298527,Home,-2.307613657416913e-15,6,51,41.42,2018-03-28,1,0
C1198,0.785477233443361,Female,North,Post-Graduate,Salaried,0.05320915874963291,-0.11366342107973756,Home,0.33280793182879537,7,146,69.02,2024-08-06,0,0
C1199,-1.5666278521807235,Male,South,Secondary,Salaried,0.27108010238857927,0.09408688889219638,Education,-0.48498584283580454,1,139,69.17,2024-03-18,0,1
C1200,-0.028712988503437474,Male,East,Graduate,Salaried,0.2201651998911575,0.22418568769467032,Other,0.20309893766104534,2,110,64.43,2020-07-31,0,1
C1201,1.4187362949575375,Male,West,Graduate,Salaried,0.2201651998911575,0.37693742931693597,Home,-1.0959720632961893,3,85,27.47,2024-08-07,0,1
C1202,-0.11917856871974841,Male,South,Graduate,Self-Employed,-1.3670807718134426,-0.6240800847927639,Car,0.3521228117620037,5,55,94.64,2020-06-21,0,1
C1203,0.5140804927944281,Male,West,Secondary,Unemployed,0.5427429211271543,0.13831916686533194,Home,-0.6702328154671311,2,33,50.03,2018-01-30,0,1
C1204,-1.5666278521807235,Female,North,Post-Graduate,Salaried,1.0658978912277288,0.16106827967823772,Other,1.5485630790931884,4,117,67.87,2018-10-18,0,0
C1205,-0.11917856871974841,Male,East,Secondary,Salaried,-1.1868307362145438,-0.4115528424147774,Other,-2.307613657416913e-15,2,147,86.43,2025-01-28,0,1
C1206,-0.028712988503437474,Male,North,Graduate,Unemployed,0.3815192220565778,0.1367453238220113,Home,0.49718909613564777,4,132,51.75,2018-08-30,0,1
C1207,1.0568739740922939,Male,East,Secondary,Salaried,-0.8353896641407744,-0.596864137330705,Other,-1.3968322930161574,7,94,78.04,2020-07-26,0,1
C1208,-1.2047655313154797,Male,West,Graduate,Salaried,0.2201651998911575,0.0009253051405447044,Other,-0.5073305159874424,7,29,92.89,2018-10-04,0,1
C1209,1.1473395543086047,Male,West,Graduate,Salaried,1.5780694386450012,-0.1837947691426203,Car,-0.2564621547453761,5,45,46.92,2018-05-09,0,1
C1210,1.6901330356064703,Other,North,Graduate,Unemployed,-1.0929250086929003,-0.6271710370070361,Education,-1.6925369182926893,1,73,50.4,2021-09-15,0,2
C1211,-0.20964414893605934,Female,East,Secondary,Self-Employed,-1.0937979369876591,-0.3290268294259267,Other,-1.368152264091563,5,8,87.92,2018-10-18,1,0
C1212,-1.7475590126133453,Other,East,Secondary,Self-Employed,2.3108182590219744,0.3075155184837903,Business,1.126138608183395,3,109,31.97,2023-10-07,0,2
C1213,-0.842903210450236,Male,West,Graduate,Self-Employed,-0.4721465215996428,-0.3488613169728125,Education,-0.5675847879583805,0,35,22.14,2020-09-01,0,1
C1214,0.69501165322705,Male,North,Post-Graduate,Salaried,1.448972956717727,-0.23665229337316865,Education,0.6814833950484211,1,135,88.17,2021-02-14,0,1
C1215,0.42361491257811723,Male,East,Post-Graduate,Salaried,-1.3670807718134426,-0.6243066761625126,Business,-0.9709068419971719,1,121,81.62,2023-06-12,0,1
C1216,0.24268375214549534,Male,West,Secondary,Self-Employed,-1.3573403247238087,-0.44674791693432936,Home,0.3024113267219225,7,94,92.94,2020-05-27,0,1
C1217,0.9664083938759829,Female,South,Graduate,Salaried,0.2201651998911575,-0.04093197318155844,Car,0.9744223444794035,0,149,24.37,2024-01-18,0,0
C1218,0.875942813659672,Male,North,Secondary,Self-Employed,-0.7538431315920109,-0.14060386628814509,Other,-0.3867412762989982,2,70,31.71,2019-06-26,0,1
C1219,1.3282707147412267,Male,South,Secondary,Unemployed,-1.3059555146160091,-0.5403215496474125,Home,-0.8726188540121611,5,92,27.9,2024-05-27,1,1
C1220,-1.2047655313154797,Male,North,Graduate,Self-Employed,0.07447797968928706,-0.27113841243060177,Business,0.6872077676525258,2,28,71.26,2024-06-18,0,1
C1221,-0.39057530936868123,Male,West,Graduate,Self-Employed,0.1555301784800826,-0.18554730208965406,Car,-0.4342065214329372,2,103,65.45,2023-04-21,0,1
C1222,0.5140804927944281,Female,East,Secondary,Self-Employed,0.2201651998911575,0.1517342385479121,Car,-1.0756740789062327,5,109,46.95,2020-09-22,1,0
C1223,-1.6570934323970343,Male,East,Secondary,Self-Employed,-0.9888045178807707,-0.38643912236660277,Car,-0.16508941398943555,3,23,24.31,2023-04-22,0,1
C1224,-1.7475590126133453,Male,East,Secondary,Salaried,-0.9020858333841203,-0.196702539523261,Business,-2.307613657416913e-15,1,70,67.97,2022-07-26,1,1
C1225,-0.752437630233925,Male,North,Post-Graduate,Salaried,-1.188807849240236,-0.43580894727865316,Home,-1.0241869075536572,4,64,62.76,2020-02-19,0,1
C1226,-1.3856966917481015,Male,West,Post-Graduate,Salaried,-1.3670807718134426,-0.6544461271795549,Other,0.1804006459439059,0,119,28.47,2019-01-22,0,1
C1227,1.5092018751738485,Female,South,Secondary,Self-Employed,-0.4156285216283228,-0.048819793804749684,Car,-0.4615891843872641,1,19,88.17,2019-02-02,0,0
C1228,1.0568739740922939,Female,West,Secondary,Salaried,-0.7143332099781962,-0.0872451890281178,Car,-0.16642198478382958,2,89,34.92,2022-11-01,1,0
C1229,-1.023834370882858,Other,South,Post-Graduate,Self-Employed,-0.6317039162947464,-0.38033186897756016,Home,-0.008371128511093196,0,92,75.76,2021-12-22,1,2
C1230,1.3282707147412267,Female,North,Post-Graduate,Salaried,-1.1050697086960994,-0.5425760156286403,Car,0.3928256128933574,4,11,86.38,2022-10-01,0,0
C1231,6.427966085902237e-16,Male,North,Graduate,Self-Employed,0.6832289860417138,0.23045761384386865,Car,1.1573459797403536,1,10,63.46,2022-08-11,0,1
C1232,-0.39057530936868123,Female,South,Secondary,Salaried,2.3108182590219744,1.3585708856614298,Business,2.911055343375882,1,129,38.51,2023-03-28,0,0
C1233,-1.5666278521807235,Male,South,Secondary,Self-Employed,-0.9985858141072903,-0.20497201186530828,Education,0.6831332801731875,3,37,43.19,2018-08-10,0,1
C1234,-0.028712988503437474,Male,South,Graduate,Salaried,1.7645638050319543,0.38883034473923117,Home,1.3274341902918347,1,62,86.43,2019-02-08,1,1
C1235,0.33314933236180627,Female,West,Graduate,Salaried,0.07125370995355985,-0.4319023166041783,Home,0.5843028326149495,1,149,42.37,2018-09-06,0,0
C1236,1.1473395543086047,Male,South,Secondary,Salaried,-0.2973703813465524,0.13191087753887473,Home,-0.6329678758327079,4,114,75.96,2022-07-08,0,1
C1237,0.33314933236180627,Female,North,Graduate,Self-Employed,0.2201651998911575,0.2666929393576385,Business,0.629356609850138,4,46,94.26,2021-10-21,1,0
C1238,-0.842903210450236,Male,North,Secondary,Salaried,-0.4138962074157078,-0.43866784809017073,Business,-1.21185435798913,0,98,94.99,2019-03-24,1,1
C1239,-1.1142999510991687,Female,East,Post-Graduate,Salaried,1.262494648777702,0.8003356428842495,Other,-0.5573401678993446,2,133,60.01,2020-10-15,0,0
C1240,1.4187362949575375,Female,South,Graduate,Unemployed,-1.174649701200093,-0.5249964758306005,Business,-0.9164834965295198,4,83,81.99,2020-02-24,0,0
C1241,1.5996674553901595,Female,West,Secondary,Self-Employed,-0.5869089895921913,-0.3565438128254001,Home,0.4984393383053563,0,99,94.27,2020-02-19,1,0
C1242,-0.028712988503437474,Female,West,Graduate,Unemployed,1.453824309737352,0.8908375482051573,Other,0.8054003813284057,1,115,48.1,2024-01-06,0,0
C1243,1.3282707147412267,Female,West,Graduate,Salaried,0.9656350167782078,0.2306724363189448,Education,-0.728216882071632,7,101,38.93,2023-01-12,0,0
C1244,0.42361491257811723,Male,East,Post-Graduate,Salaried,-1.1663696477551622,-0.5965706949686055,Car,-0.06033434203229515,0,123,28.57,2019-07-29,0,1
C1245,1.3282707147412267,Male,North,Graduate,Unemployed,-0.5058182357283566,-0.3400157423246872,Car,0.47313312667734686,7,73,30.57,2022-09-25,1,1
C1246,0.42361491257811723,Male,West,Graduate,Salaried,0.2201651998911575,0.15992949573544515,Other,-0.8929922193966214,0,137,84.02,2020-01-22,0,1
C1247,0.785477233443361,Female,North,Graduate,Self-Employed,0.2201651998911575,-0.3215697778773304,Education,-0.7103103598870103,0,149,64.15,2021-02-14,0,0
C1248,-0.20964414893605934,Male,East,Graduate,Salaried,0.9510038845742843,0.2951458366500219,Car,-0.4910621337740688,7,56,85.53,2023-03-10,0,1
C1249,-0.20964414893605934,Female,South,Post-Graduate,Salaried,0.09282734537660764,0.08763127163258216,Other,-0.8067902172612796,5,146,79.21,2020-10-20,1,0
C1250,-1.6570934323970343,Male,South,Graduate,Salaried,0.3087271701566869,-0.1501558499124074,Business,-1.0368074959966693,0,126,70.53,2018-11-05,0,1
C1251,1.3282707147412267,Male,South,Graduate,Salaried,0.042405635073160114,0.0672048293308488,Home,-0.8492164309360547,7,33,65.7,2022-12-21,1,1
C1252,6.427966085902237e-16,Female,West,Secondary,Salaried,2.1712031613475946,1.1860898424222464,Education,0.876655692325137,4,140,23.63,2024-03-04,0,0
C1253,6.427966085902237e-16,Male,South,Graduate,Salaried,-0.7075429659966498,-0.337725419067878,Car,-0.8535734663581032,6,108,85.42,2019-02-06,1,1
C1254,6.427966085902237e-16,Male,West,Post-Graduate,Unemployed,-0.28436703544609276,-0.2725774293647786,Home,-0.07921560830377058,6,5,51.34,2018-07-27,1,1
C1255,-1.4761622719644125,Male,East,Post-Graduate,Salaried,-1.1068735088982649,-0.54247358265649,Other,-0.6837591811655607,6,33,61.98,2024-01-24,1,1
C1256,1.1473395543086047,Male,East,Secondary,Self-Employed,-1.2132040342186026,-0.4435954361128214,Car,0.4671573513577794,6,73,21.65,2018-03-02,1,1
C1257,-0.5715064698013032,Female,West,Secondary,Self-Employed,0.021076428452892135,0.20870986649599943,Home,0.35930203021846796,5,57,90.21,2019-01-18,0,0
C1258,0.061752591712873464,Male,North,Post-Graduate,Self-Employed,-0.9273355581176363,-0.470219038817675,Business,-0.4425827201480714,2,128,87.71,2020-08-26,0,1
C1259,-0.028712988503437474,Male,South,Post-Graduate,Salaried,-0.3894572862479364,-0.29189004787460393,Education,0.3415177969305271,7,92,60.75,2019-11-13,1,1
C1260,-1.1142999510991687,Male,South,Secondary,Self-Employed,2.2623391027823967,0.4448516828009722,Other,0.2671163957836793,0,87,63.3,2022-07-23,1,1
C1261,-1.2047655313154797,Female,South,Graduate,Self-Employed,2.124497020453399,0.6516358881092571,Car,1.9522492464951615,3,16,72.88,2023-06-13,0,0
C1262,-1.5666278521807235,Female,West,Graduate,Self-Employed,2.3108182590219744,0.5171372432978718,Business,2.8792783291850044,6,56,39.85,2023-05-26,0,0
C1263,-0.3001097291523703,Male,East,Post-Graduate,Self-Employed,2.3108182590219744,1.1466281191695513,Education,0.45077598484377307,1,133,36.64,2020-05-25,0,1
C1264,6.427966085902237e-16,Male,South,Secondary,Unemployed,2.3108182590219744,0.8195989605078149,Education,-2.307613657416913e-15,6,139,70.55,2022-07-01,0,1
C1265,-0.752437630233925,Male,East,Secondary,Self-Employed,0.15797735258820197,0.12119342922229895,Business,-0.6361123908592393,6,149,27.83,2018-08-29,0,1
C1266,0.1522181719291844,Female,South,Post-Graduate,Salaried,-1.0411300421699006,-0.4208472180112065,Car,-1.5683160955439681,1,131,54.05,2019-11-06,1,0
C1267,0.1522181719291844,Female,South,Secondary,Self-Employed,-1.0985408399889753,-0.41071119438582376,Education,-1.4717236712677921,5,75,56.96,2022-04-02,0,0
C1268,0.875942813659672,Male,West,Graduate,Salaried,1.757339094958637,-0.02347911532578382,Other,1.2024756251216697,1,21,48.6,2018-01-09,0,1
C1269,1.5996674553901595,Male,North,Graduate,Unemployed,-0.28085367666463185,-0.02783663460824115,Home,0.38917991627465887,1,7,33.9,2022-05-19,0,1
C1270,1.5996674553901595,Male,West,Graduate,Salaried,-0.2029998468887119,-0.39105034965331775,Other,0.15947329413075986,5,33,46.65,2020-12-22,0,1
C1271,-1.1142999510991687,Other,South,Graduate,Salaried,-0.8045182619484768,-0.5452413605642269,Education,-0.04361700328066527,1,26,45.32,2023-02-07,0,2
C1272,0.6045460730107391,Male,South,Graduate,Self-Employed,-0.7133404723489839,-0.2998314823513035,Home,-0.22688026201675318,0,58,57.44,2021-03-14,0,1
C1273,0.6045460730107391,Female,North,Secondary,Self-Employed,0.09218012336355563,0.09903918471126485,Business,-1.0303520874251624,6,111,70.6,2022-09-29,0,0
C1274,1.2378051345249157,Female,East,Graduate,Salaried,-1.1295415607803823,-0.6231616521819989,Home,0.4835757413953165,2,73,92.62,2024-03-26,0,0
C1275,0.061752591712873464,Male,East,Post-Graduate,Salaried,-0.05812372079289471,-0.4553500383460697,Home,-0.3858854483235698,5,124,30.81,2023-06-17,0,1
C1276,0.875942813659672,Male,South,Post-Graduate,Salaried,2.0113734020722216,0.9877246180068495,Home,0.278764710774412,3,51,85.48,2019-09-27,0,1
C1277,1.1473395543086047,Male,East,Secondary,Salaried,-1.3670807718134426,-0.529782814175865,Education,-1.846526651279008,5,24,41.31,2020-02-17,0,1
C1278,0.69501165322705,Female,South,Secondary,Unemployed,-1.3670807718134426,-0.6007400495841924,Car,-0.960338428491148,4,25,64.35,2021-04-30,0,0
C1279,1.1473395543086047,Female,North,Graduate,Salaried,0.4812096535742488,0.15813030015339377,Education,-2.307613657416913e-15,3,5,61.01,2020-06-10,1,0
C1280,-1.3856966917481015,Female,North,Graduate,Self-Employed,1.6885451523314596,0.3389935493572773,Car,1.8624159698289056,4,147,61.77,2018-08-28,0,0
C1281,-0.11917856871974841,Male,South,Graduate,Self-Employed,-0.7602663623590902,-0.27097649262826423,Business,-0.5316460861472239,7,21,74.25,2024-06-30,0,1
C1282,-1.4761622719644125,Male,North,Graduate,Salaried,-1.3670807718134426,-0.4993245935847962,Business,0.2631499747732303,7,55,48.63,2024-01-30,0,1
C1283,1.3282707147412267,Other,West,Secondary,Salaried,1.8344283724560466,-0.1563336249042251,Business,0.9521354847866548,5,18,43.93,2018-09-07,1,2
C1284,-0.3001097291523703,Female,West,Secondary,Salaried,0.2201651998911575,0.20904226321122582,Business,0.5481646722903109,4,63,83.96,2021-07-08,0,0
C1285,0.69501165322705,Male,North,Graduate,Self-Employed,-0.6589522516522619,-0.31162756248234535,Business,0.5683121292277046,3,87,36.51,2018-08-23,0,1
C1286,0.875942813659672,Other,South,Graduate,Salaried,0.2201651998911575,0.021107009492244488,Other,-0.9132902037865782,0,54,33.52,2018-07-25,0,2
C1287,0.785477233443361,Female,South,Secondary,Self-Employed,-0.8881303769851556,-0.3070213822849637,Education,-0.7501447621313262,5,128,21.17,2024-07-20,0,0
C1288,-1.2952311115317907,Male,North,Graduate,Salaried,-1.0247257466164763,-0.2455009192162091,Car,0.08301988043079837,5,38,35.79,2023-05-07,0,1
C1289,1.3282707147412267,Female,East,Graduate,Salaried,0.2201651998911575,-0.4247958771750384,Business,-0.6088204379372264,1,10,58.89,2023-08-22,0,0
C1290,6.427966085902237e-16,Female,West,Post-Graduate,Salaried,2.3108182590219744,-0.0891560858736406,Other,1.169325931319243,5,113,60.39,2023-12-16,1,0
C1291,0.33314933236180627,Female,East,Post-Graduate,Salaried,1.2813145935618664,-0.11602956538312163,Other,1.1559499006123999,6,53,39.08,2019-10-07,0,0
C1292,0.785477233443361,Male,South,Graduate,Self-Employed,0.3393321649345109,0.45074496254359914,Other,-0.6377143889792305,7,10,25.42,2018-08-21,0,1
C1293,6.427966085902237e-16,Male,South,Secondary,Unemployed,2.3108182590219744,2.2002027639292088,Education,-2.307613657416913e-15,6,121,75.85,2023-09-12,0,1
C1294,1.3282707147412267,Female,East,Graduate,Self-Employed,0.2201651998911575,0.06549822489674792,Business,-0.446436562817572,5,122,76.85,2018-11-25,1,0
C1295,1.1473395543086047,Male,North,Secondary,Salaried,0.2716015579013819,-0.4260249351929511,Other,-2.307613657416913e-15,7,11,94.84,2020-02-01,0,1
C1296,0.061752591712873464,Male,East,Graduate,Unemployed,0.2201651998911575,0.29791035689100737,Other,0.7511445161898788,7,101,87.5,2018-10-08,0,1
C1297,1.0568739740922939,Male,East,Post-Graduate,Self-Employed,-0.05632154863603974,0.12171747768429877,Business,-0.38509454142141136,0,122,89.45,2024-09-03,0,1
C1298,0.24268375214549534,Male,West,Graduate,Unemployed,1.083670780870952,0.43021120076958846,Education,-0.047177821847837975,1,133,79.87,2018-10-06,0,1
C1299,1.1473395543086047,Female,West,Post-Graduate,Salaried,0.3323115155404748,-0.14856179557043853,Other,-0.5596035555426991,2,145,66.16,2020-08-21,1,0
C1300,-1.5666278521807235,Female,East,Graduate,Salaried,-0.8975681926521533,-0.5806014290223467,Car,0.7477641734611852,4,31,29.64,2022-07-12,1,0
C1301,-0.20964414893605934,Male,East,Secondary,Salaried,-0.31971271316344585,-0.14835218077390164,Home,-0.17591946039505205,3,120,66.67,2019-05-07,0,1
C1302,0.42361491257811723,Male,South,Graduate,Self-Employed,0.561400875402907,0.2914928451558593,Home,0.007788957496289702,2,135,24.2,2024-05-22,0,1
C1303,6.427966085902237e-16,Male,West,Graduate,Salaried,-0.2728255262304979,-0.4702395712947353,Home,-0.4598121689266682,1,62,86.4,2020-10-05,0,1
C1304,-1.5666278521807235,Male,West,Graduate,Salaried,1.4642913460489329,0.5299083752054717,Education,0.9520798683094259,6,93,56.14,2024-06-29,0,1
C1305,0.33314933236180627,Female,South,Graduate,Salaried,0.10687896745199132,-0.2491022009860209,Other,-1.0239013067940983,6,101,72.31,2024-09-01,0,0
C1306,1.0568739740922939,Male,North,Secondary,Self-Employed,0.5951634640607801,0.35008342698401834,Home,0.7330355662665325,6,21,23.92,2018-06-12,0,1
C1307,0.1522181719291844,Female,West,Post-Graduate,Salaried,0.7002225969965719,0.1554640146238861,Home,-0.560524824219804,0,105,60.07,2024-12-11,0,0
C1308,0.24268375214549534,Female,West,Secondary,Salaried,-1.1359031848328645,-0.5944976718489089,Business,-0.6762012510355404,7,33,42.59,2018-12-02,1,0
C1309,-1.6570934323970343,Female,North,Post-Graduate,Salaried,-0.282532228380965,-0.172742171153,Other,0.6726150432845736,6,106,41.37,2022-09-14,0,0
C1310,0.6045460730107391,Female,West,Post-Graduate,Self-Employed,-0.635196036485109,-0.3588649692097725,Other,-0.6797371761546582,3,127,49.22,2024-07-18,1,0
C1311,-1.6570934323970343,Male,West,Post-Graduate,Unemployed,0.2201651998911575,-0.3161461068558493,Business,-1.0756740789062327,4,58,20.05,2024-05-04,1,1
C1312,0.5140804927944281,Female,North,Graduate,Self-Employed,0.19200749569247202,0.2525662739616971,Other,1.144746825968856,5,31,55.0,2023-11-12,0,0
C1313,6.427966085902237e-16,Male,North,Graduate,Unemployed,-0.5108686912892709,-0.558599078958929,Car,0.5318106211437715,5,106,56.49,2021-07-19,0,1
C1314,1.1473395543086047,Female,East,Post-Graduate,Self-Employed,0.2201651998911575,-0.2003462627261026,Education,-0.08107284379834975,2,121,84.73,2020-12-04,1,0
C1315,-1.023834370882858,Female,South,Graduate,Self-Employed,-1.3670807718134426,-0.6708372150874998,Business,-0.9705814247114322,4,108,53.64,2020-04-16,1,0
C1316,1.6901330356064703,Female,South,Graduate,Salaried,0.0037590954884184234,-0.4248351985892076,Home,-0.09485356519909342,1,49,47.27,2021-07-10,0,0
C1317,0.785477233443361,Female,North,Graduate,Self-Employed,-0.9226673971964917,-0.48158100044210983,Other,-1.1509634901128862,4,118,94.61,2020-09-04,0,0
C1318,0.5140804927944281,Male,North,Graduate,Self-Employed,0.4675623417513587,1.8664948148940672,Car,-0.5814388930319646,0,91,62.84,2020-12-23,0,1
C1319,1.3282707147412267,Male,West,Graduate,Self-Employed,-1.3670807718134426,-0.5140513120198335,Car,-0.10605046925538214,2,35,55.45,2022-06-10,1,1
C1320,0.42361491257811723,Other,East,Graduate,Salaried,0.2201651998911575,-0.3983066188117104,Education,0.08131103132130459,2,41,57.2,2019-06-21,1,2
C1321,0.33314933236180627,Female,East,Graduate,Salaried,0.46431712943277137,0.2360268704512995,Car,0.35084418489092484,0,40,80.69,2021-05-13,1,0
C1322,-0.661972050017614,Male,North,Post-Graduate,Salaried,-0.23152638282025417,-0.49323651913521993,Other,0.2890399401939067,4,123,45.55,2023-02-16,1,1
C1323,-1.2047655313154797,Male,West,Secondary,Salaried,2.3108182590219744,-0.1006969438736249,Other,1.1091338012576402,6,9,49.19,2021-07-19,0,1
C1324,1.4187362949575375,Male,West,Post-Graduate,Salaried,0.9058857908775606,-0.043404955189601864,Car,0.9911880435487173,0,56,76.69,2018-10-25,0,1
C1325,-0.028712988503437474,Female,South,Graduate,Self-Employed,-0.7489037901235501,-0.13013085768450575,Other,-0.6687453629326471,6,53,25.47,2018-02-08,0,0
C1326,-1.7475590126133453,Female,South,Post-Graduate,Salaried,-0.2540987870403694,-0.08296472962325356,Other,-0.6951695063489175,3,10,84.89,2023-02-21,0,0
C1327,-1.1142999510991687,Male,West,Graduate,Salaried,-1.3670807718134426,-0.5154567887512592,Home,-1.9240438255064898,0,127,52.27,2024-12-19,0,1
C1328,-0.39057530936868123,Male,South,Post-Graduate,Salaried,1.1062777440528897,-0.1937034902174845,Business,0.003339509410911852,6,142,63.6,2024-04-25,1,1
C1329,-0.5715064698013032,Female,North,Secondary,Self-Employed,-0.6047215073383175,-0.09987617244145884,Other,0.4500261123468581,4,122,76.81,2019-02-14,1,0
C1330,6.427966085902237e-16,Female,West,Post-Graduate,Salaried,-1.3670807718134426,-0.690104318028065,Other,-0.3833100238257826,6,27,39.95,2018-10-28,0,0
C1331,0.24268375214549534,Male,South,Secondary,Salaried,-1.1976550174687282,-0.5755993964320302,Education,-1.0483675878280514,0,149,86.77,2024-01-12,0,1
C1332,6.427966085902237e-16,Male,East,Post-Graduate,Self-Employed,0.7786860557392791,0.2640412903871972,Business,-0.14042840221243877,1,114,93.44,2020-05-23,0,1
C1333,0.69501165322705,Male,West,Post-Graduate,Salaried,2.252789062992052,0.3909196791340003,Business,0.3644151574398484,5,48,57.07,2023-09-04,0,1
C1334,1.2378051345249157,Male,West,Graduate,Unemployed,-0.31252111901178886,0.1291682203712285,Business,0.294090306047555,0,45,90.27,2020-12-22,0,1
C1335,-1.6570934323970343,Male,East,Secondary,Unemployed,-1.0879605065241835,-0.6249554794963049,Car,-1.2641005091743402,5,147,20.08,2019-06-27,0,1
C1336,1.0568739740922939,Female,North,Post-Graduate,Salaried,-1.3139479590563978,-0.3572276704887435,Home,-1.8504296938629967,0,54,87.07,2021-11-30,1,0
C1337,0.24268375214549534,Male,East,Graduate,Salaried,0.2201651998911575,0.07339563498967237,Home,-0.9741841569564486,4,56,43.33,2018-10-09,0,1
C1338,0.1522181719291844,Female,West,Post-Graduate,Self-Employed,0.17440296073478423,0.0011578841935480152,Education,0.18301557843850635,3,74,43.36,2020-09-27,1,0
C1339,0.42361491257811723,Female,North,Secondary,Salaried,-0.6333592683654024,-0.5470784551989082,Business,0.15328627362805092,3,113,37.11,2022-02-22,0,0
C1340,0.1522181719291844,Male,South,Secondary,Salaried,-0.8185692920073837,-0.4688694700712729,Business,0.23438829923622473,5,122,43.78,2021-03-13,0,1
C1341,0.1522181719291844,Male,South,Post-Graduate,Salaried,0.4757610299317855,0.4575571566646093,Other,-0.21247707210784028,7,113,36.01,2019-10-09,0,1
C1342,-1.2952311115317907,Male,South,Graduate,Unemployed,0.4364480277985026,-0.10801136926592585,Car,0.17622958877403275,7,99,87.94,2022-11-30,1,1
C1343,-0.4810408895849922,Male,West,Post-Graduate,Salaried,-1.0372258045097593,-0.3586062829401271,Car,-0.02395585597215282,4,48,87.43,2024-02-04,1,1
C1344,1.5092018751738485,Female,East,Graduate,Self-Employed,0.2201651998911575,0.4037041628870182,Education,-0.16226478135817693,6,71,27.67,2021-05-24,0,0
C1345,1.1473395543086047,Other,North,Graduate,Salaried,-1.1497637705914525,-0.5474023636275286,Home,0.4747009592300152,4,71,30.71,2024-11-10,1,2
C1346,-1.1142999510991687,Male,South,Graduate,Salaried,-0.7436999282931348,-0.294475235855052,Business,0.409331592793133,7,22,84.65,2023-12-07,0,1
C1347,-1.3856966917481015,Male,North,Graduate,Salaried,-0.9041329153571419,-0.2933229394776354,Education,-0.5338898578184654,4,64,49.92,2018-02-02,0,1
C1348,1.6901330356064703,Female,West,Graduate,Unemployed,2.2631693688898102,0.048491690327240704,Car,0.6125465035903251,1,78,32.7,2024-03-21,0,0
C1349,-1.4761622719644125,Male,South,Graduate,Salaried,-0.7707810559970381,-0.5216771198826824,Car,-0.41447269110192103,2,53,58.3,2021-05-11,1,1
C1350,6.427966085902237e-16,Male,West,Graduate,Self-Employed,0.2201651998911575,-0.07364300797916412,Car,-0.64941640671714,7,19,51.25,2019-03-01,0,1
C1351,1.0568739740922939,Female,East,Graduate,Salaried,-1.2036917724796714,-0.5165181228141013,Business,-1.2945927096684975,7,77,36.44,2019-07-05,0,0
C1352,0.875942813659672,Female,West,Post-Graduate,Salaried,-0.5070594352725954,-0.13039628870080566,Business,0.12752267533899247,0,147,74.06,2020-12-19,0,0
C1353,1.3282707147412267,Male,West,Secondary,Salaried,-1.3670807718134426,-0.6680462205688299,Business,-0.6233524608129866,4,52,67.35,2019-04-18,0,1
C1354,-0.39057530936868123,Male,East,Graduate,Salaried,-0.3918030405334069,0.08247846871909177,Other,-2.307613657416913e-15,4,76,27.47,2019-03-15,1,1
C1355,-0.661972050017614,Female,North,Secondary,Salaried,-1.2745321680623638,-0.6553808022414469,Home,-0.02661094599907007,4,117,89.4,2024-03-16,0,0
C1356,0.875942813659672,Male,East,Graduate,Self-Employed,1.2794261720045756,0.42209417346672123,Car,1.1754191264189076,3,133,61.89,2019-09-29,0,1
C1357,-0.11917856871974841,Male,East,Graduate,Salaried,-0.21317860817721446,-0.12464366216137096,Car,-0.10886758591289498,4,139,38.77,2021-01-20,0,1
C1358,-0.3001097291523703,Female,West,Secondary,Salaried,0.2201651998911575,-0.35625415578030045,Other,0.7511445161898788,7,57,35.47,2021-02-28,1,0
C1359,-0.11917856871974841,Male,North,Secondary,Salaried,2.3108182590219744,2.682033080719617,Car,5.2760825129451145,0,22,30.2,2024-10-13,0,1
C1360,0.69501165322705,Female,South,Secondary,Self-Employed,-1.3670807718134426,-0.6322019985957583,Car,-2.307613657416913e-15,6,16,51.85,2020-05-12,0,0
C1361,6.427966085902237e-16,Male,East,Graduate,Salaried,1.8911621624330905,1.0642825396243651,Business,1.8904431506219685,6,52,30.17,2021-11-05,0,1
C1362,1.5092018751738485,Other,North,Post-Graduate,Self-Employed,0.2422084578522046,-0.22087463329105292,Business,-1.0660001058614683,4,34,51.19,2020-04-13,1,2
C1363,0.5140804927944281,Male,East,Secondary,Salaried,0.4543642594311246,-0.022564445090703742,Home,-0.4857411227157607,0,101,31.16,2025-02-10,0,1
C1364,0.24268375214549534,Male,East,Graduate,Salaried,-1.099797616966755,-0.5006726940870286,Car,0.5169272458777419,1,11,69.26,2020-12-17,0,1
C1365,-1.023834370882858,Male,East,Graduate,Salaried,0.2201651998911575,-0.4108872460382944,Education,1.0759122664291874,6,96,78.89,2023-09-02,1,1
C1366,-0.752437630233925,Male,East,Graduate,Self-Employed,-0.13757902914009912,-0.016992068464412372,Car,0.7971236102600073,7,117,61.21,2023-06-25,0,1
C1367,-1.7475590126133453,Female,West,Post-Graduate,Salaried,-0.5547742242388117,-0.08345835790136281,Car,-1.1112966493896328,2,7,71.0,2020-10-25,0,0
C1368,-1.7475590126133453,Male,North,Graduate,Salaried,0.2201651998911575,-0.20671651535203914,Home,-0.8726942350066647,3,111,90.38,2018-07-28,0,1
C1369,1.2378051345249157,Male,North,Graduate,Salaried,2.3108182590219744,3.316465034107256,Education,3.7200872900987116,0,67,67.88,2019-01-14,0,1
C1370,1.0568739740922939,Male,North,Secondary,Self-Employed,0.7228682262546378,-0.33146117825925536,Car,-0.4693945550661919,6,138,47.31,2025-02-11,0,1
C1371,0.42361491257811723,Female,East,Secondary,Salaried,0.13789371163368774,0.07647603419897515,Education,-0.2389666724641714,6,106,53.71,2022-10-01,1,0
C1372,-1.7475590126133453,Female,West,Graduate,Salaried,1.5844691737581649,0.31592704344925415,Business,-0.39573943773261727,5,19,84.54,2021-02-07,0,0
C1373,-0.39057530936868123,Male,East,Secondary,Salaried,0.4362689428143286,-0.01947122168623135,Business,-0.9808341152490624,1,95,29.8,2018-06-30,0,1
C1374,1.6901330356064703,Male,East,Graduate,Salaried,0.2201651998911575,-0.07246744910818417,Education,0.9541243600894467,2,85,44.43,2018-01-15,1,1
C1375,-1.3856966917481015,Male,North,Graduate,Self-Employed,1.455372321820593,0.024722858997177338,Car,1.0496555594262251,2,150,63.3,2021-09-28,1,1
C1376,0.1522181719291844,Female,East,Graduate,Self-Employed,0.7488060591391215,0.3604630873763072,Education,-0.1941375996357021,2,65,70.73,2019-06-20,0,0
C1377,0.785477233443361,Male,South,Secondary,Salaried,-0.8692667339848115,-0.2680628079561655,Education,-0.011138766801856938,7,124,77.26,2020-12-08,0,1
C1378,-1.5666278521807235,Female,East,Graduate,Salaried,0.6515787491734083,-0.1276546868336564,Business,1.3261377174328803,0,65,43.87,2019-10-24,0,0
C1379,-0.752437630233925,Male,South,Graduate,Salaried,-0.5571727049917302,-0.07852902633876076,Education,-0.7672835195156692,1,57,30.94,2022-12-15,0,1
C1380,0.5140804927944281,Female,East,Post-Graduate,Salaried,-0.1131576834614772,-0.2768232703250797,Other,-0.0446741060693063,4,30,91.61,2024-03-09,0,0
C1381,-0.39057530936868123,Male,West,Secondary,Salaried,0.3738716642148428,0.22308340338428345,Other,-0.5413643388750591,5,119,25.73,2022-10-18,0,1
C1382,1.5092018751738485,Male,West,Post-Graduate,Self-Employed,1.6981007052752426,-0.11851151744538914,Business,0.2630687828356701,1,44,27.19,2024-04-16,0,1
C1383,6.427966085902237e-16,Male,North,Graduate,Unemployed,-0.8739555784816077,-0.5307285240103446,Car,-1.3731614818712528,1,92,57.12,2018-02-09,0,1
C1384,0.785477233443361,Female,East,Graduate,Unemployed,0.06920026380341483,-0.23357889126498696,Car,0.8066794791127245,6,120,81.45,2019-04-04,0,0
C1385,-0.5715064698013032,Male,South,Graduate,Unemployed,0.2201651998911575,0.04724813339815244,Business,-2.307613657416913e-15,1,140,78.09,2018-11-05,0,1
C1386,0.69501165322705,Male,South,Secondary,Self-Employed,-0.4999179775163012,-0.16958510206846167,Car,0.3133386573071259,0,25,90.33,2019-09-03,0,1
C1387,-1.3856966917481015,Male,East,Secondary,Self-Employed,-0.12641748349939708,-0.22040858047375536,Home,-0.415857062352479,5,47,30.62,2024-02-13,0,1
C1388,0.875942813659672,Male,South,Graduate,Salaried,2.3108182590219744,0.07029582742775159,Other,1.0222838573834687,0,25,48.18,2018-05-28,0,1
C1389,6.427966085902237e-16,Female,West,Graduate,Self-Employed,0.4267643402885636,-0.09195967517432856,Home,1.1462830261426507,5,135,41.16,2022-02-21,0,0
C1390,-0.752437630233925,Female,South,Post-Graduate,Salaried,-1.3378420400605406,-0.4617657835999511,Home,-1.5970421278203848,5,35,84.57,2024-07-13,0,0
C1391,-0.39057530936868123,Female,North,Graduate,Salaried,-0.9740449181014231,-0.33116066997208926,Home,-2.307613657416913e-15,6,31,56.63,2024-03-13,1,0
C1392,0.5140804927944281,Male,West,Secondary,Self-Employed,0.5014424086788084,-0.2822199853012581,Business,0.02207136627888939,0,77,22.01,2019-08-30,0,1
C1393,0.5140804927944281,Female,West,Graduate,Salaried,0.14093145917825348,-0.4778549179178752,Home,-0.034653673188259085,5,101,73.1,2022-10-27,0,0
C1394,0.061752591712873464,Male,West,Graduate,Salaried,-0.16373531610445144,0.03192783137489178,Education,1.029220393138568,1,94,49.15,2019-06-07,0,1
C1395,1.6901330356064703,Male,East,Graduate,Unemployed,2.3108182590219744,0.203878012581475,Car,2.4628834800877653,0,48,59.84,2018-06-21,0,1
C1396,1.4187362949575375,Male,East,Graduate,Salaried,-0.853914599714439,-0.5683672844784918,Business,0.2797705002585155,5,47,87.03,2021-06-16,0,1
C1397,1.1473395543086047,Male,West,Post-Graduate,Salaried,-0.4055085179751236,-0.5504814092992374,Education,-1.18787532601086,7,35,39.26,2022-02-02,0,1
C1398,0.875942813659672,Female,East,Post-Graduate,Unemployed,-1.3670807718134426,-0.5924615383639755,Education,0.08562924315848522,2,121,38.02,2018-06-13,0,0
C1399,1.5092018751738485,Female,South,Graduate,Self-Employed,1.2832851944063164,0.2984890974483278,Other,0.5478751929558074,0,80,39.74,2022-01-05,0,0
C1400,0.24268375214549534,Female,East,Graduate,Salaried,-0.9762108843831536,-0.3464264863718656,Other,-1.1541637677621324,6,149,45.36,2020-05-10,1,0
C1401,-0.9333687906665469,Male,East,Post-Graduate,Salaried,1.0937002430042604,-0.00993167225478097,Education,-0.1036702139371033,7,147,28.05,2020-10-19,0,1
C1402,-1.3856966917481015,Male,West,Graduate,Salaried,0.9119472625764024,0.41828332278300284,Other,0.5472925433734926,7,38,72.29,2019-02-26,0,1
C1403,1.4187362949575375,Male,North,Secondary,Unemployed,2.3108182590219744,0.46387955370714035,Car,1.5084317230567668,3,84,35.55,2021-12-19,0,1
C1404,1.2378051345249157,Male,North,Graduate,Self-Employed,0.44348776972390946,0.3533149865188527,Car,-0.7340902256427723,0,8,89.46,2024-04-12,1,1
C1405,0.9664083938759829,Male,North,Secondary,Salaried,-0.6547373163449905,-0.26672002983904813,Other,0.6716518308525279,7,76,36.18,2022-07-23,1,1
C1406,-0.9333687906665469,Male,South,Graduate,Salaried,0.17970302524264856,0.024667983371335602,Home,0.81457909739277,0,102,39.17,2024-12-17,0,1
C1407,-0.11917856871974841,Male,East,Graduate,Salaried,-0.9505397179203521,-0.5268247151176334,Education,-1.670645233598759,0,114,42.28,2019-09-26,0,1
C1408,1.0568739740922939,Male,North,Graduate,Unemployed,0.014191017822730917,-0.4407349294092432,Car,-1.1863665362351876,5,32,77.64,2020-08-27,0,1
C1409,-1.7475590126133453,Female,West,Secondary,Salaried,-0.5222142430511085,-0.28664869148462974,Other,0.3441496173481412,0,134,52.07,2019-10-28,0,0
C1410,-1.3856966917481015,Other,North,Graduate,Salaried,-0.40161168052093993,-0.15314707622971746,Other,-0.9628873194637375,3,21,81.45,2019-12-27,0,2
C1411,-1.4761622719644125,Female,North,Graduate,Salaried,-1.0383082326351776,-0.5916678376836879,Car,0.5033167003784496,4,62,78.86,2022-08-16,0,0
C1412,6.427966085902237e-16,Female,East,Graduate,Self-Employed,-0.007889309702233649,0.2517552984711007,Car,0.8946356144209857,0,131,89.71,2018-04-12,1,0
C1413,0.33314933236180627,Male,East,Graduate,Unemployed,0.2201651998911575,0.38693516269458705,Home,0.3045888596108293,2,13,76.75,2020-01-05,0,1
C1414,-0.39057530936868123,Female,East,Graduate,Self-Employed,-1.3670807718134426,-0.5291790905263448,Other,0.07505105414317803,3,35,23.89,2021-09-22,1,0
C1415,-1.6570934323970343,Female,South,Secondary,Salaried,-0.9033204837460865,-0.17612863044773552,Other,-0.24936153008446985,4,92,82.8,2022-08-14,0,0
C1416,6.427966085902237e-16,Male,South,Secondary,Self-Employed,-0.15777741028798598,-0.3890424798686507,Business,-0.6731955904606254,5,66,90.36,2020-10-13,0,1
C1417,1.0568739740922939,Male,North,Post-Graduate,Self-Employed,-1.3670807718134426,-0.7011741908279941,Home,-1.4880928427527786,0,23,94.53,2020-12-28,0,1
C1418,0.6045460730107391,Female,East,Post-Graduate,Salaried,2.3108182590219744,-0.11425936762342145,Car,2.2083737440377518,4,85,29.4,2019-10-15,0,0
C1419,-0.028712988503437474,Male,North,Graduate,Unemployed,-0.918568090107308,-0.348431970259757,Car,-1.5957201119778723,2,111,66.0,2019-03-19,0,1
C1420,0.33314933236180627,Male,West,Secondary,Self-Employed,-1.062160724481839,-0.6088892406109018,Education,-1.5978436708663621,3,59,34.96,2022-04-16,0,1
C1421,-0.752437630233925,Male,West,Graduate,Unemployed,0.2201651998911575,0.36771717710976054,Car,-0.10137082818830655,3,116,39.69,2018-06-08,1,1
C1422,6.427966085902237e-16,Male,East,Graduate,Self-Employed,-0.19097380918804296,-0.42260271038789476,Other,-0.6471682969967604,5,127,75.92,2023-04-12,0,1
C1423,1.1473395543086047,Male,East,Post-Graduate,Salaried,-0.948716455176518,-0.4843043869050291,Car,-0.3301781010785706,5,69,93.33,2020-06-30,0,1
C1424,1.1473395543086047,Male,West,Secondary,Salaried,0.959997835887945,0.5662977745917972,Other,1.542683418789307,5,128,64.61,2020-03-28,0,1
C1425,1.5092018751738485,Male,East,Secondary,Salaried,0.2201651998911575,-0.28241441294716485,Other,-0.12166881257826334,4,7,83.79,2023-03-01,1,1
C1426,-0.752437630233925,Male,South,Graduate,Unemployed,-1.0005696613204043,-0.5228371016006746,Home,-0.596510373778932,0,142,20.67,2021-12-03,0,1
C1427,-1.5666278521807235,Female,South,Graduate,Self-Employed,-0.7847563819489989,-0.2749235459000356,Car,-0.7859696653228007,1,25,22.75,2021-06-04,0,0
C1428,-1.7475590126133453,Male,East,Graduate,Self-Employed,-1.3565485396873753,-0.5894775615022534,Home,-0.5903525011818073,7,41,64.75,2020-07-21,0,1
C1429,1.1473395543086047,Male,West,Secondary,Salaried,-1.2340755751014227,-0.5815193569241781,Other,-1.348523008976123,3,19,49.17,2020-07-02,0,1
C1430,-0.9333687906665469,Male,North,Graduate,Salaried,0.09690271279951825,-0.2782128028424753,Car,-0.21636014147518892,1,91,86.73,2018-04-07,1,1
C1431,0.785477233443361,Female,East,Post-Graduate,Self-Employed,-0.9940357234721994,-0.41565470368118934,Car,0.5836402252125237,6,124,42.65,2020-03-02,0,0
C1432,-0.661972050017614,Male,East,Post-Graduate,Salaried,0.2201651998911575,3.8001323996497147,Home,0.8729324225296194,3,141,52.4,2022-06-21,0,1
C1433,-0.752437630233925,Male,North,Graduate,Salaried,0.2201651998911575,0.256719569656678,Home,0.36548281278069966,7,48,59.59,2021-09-06,0,1
C1434,0.9664083938759829,Female,East,Graduate,Self-Employed,-1.2824235626904013,-0.5699465416721882,Other,-0.6796096885743016,5,43,40.48,2021-02-15,0,0
C1435,-1.6570934323970343,Female,North,Secondary,Salaried,-1.1774478300757516,-0.5175496561085617,Other,-2.307613657416913e-15,7,137,88.14,2018-10-12,0,0
C1436,1.3282707147412267,Male,West,Graduate,Salaried,0.2201651998911575,-0.06643312616000728,Car,0.4669727347304836,0,29,54.84,2021-02-17,0,1
C1437,0.24268375214549534,Female,South,Graduate,Salaried,0.2201651998911575,0.3856303983366751,Car,-0.4261385784276152,0,60,51.81,2021-12-09,0,0
C1438,-0.3001097291523703,Male,West,Graduate,Salaried,0.9798201385690665,-0.1802285417023596,Business,-0.6205016332629972,3,125,83.73,2023-09-18,0,1
C1439,0.5140804927944281,Male,South,Graduate,Unemployed,-0.6632218374805299,-0.38751178943912945,Business,-2.307613657416913e-15,4,94,43.4,2022-06-26,0,1
C1440,-1.1142999510991687,Male,North,Secondary,Salaried,-0.8127039257664183,-0.2419834191293296,Education,-0.0878053580530745,6,68,81.31,2024-01-06,0,1
C1441,0.785477233443361,Male,South,Secondary,Salaried,1.206515827812453,0.8484750791821086,Other,1.4478912308678704,7,93,29.17,2021-09-18,0,1
C1442,0.5140804927944281,Female,West,Graduate,Salaried,-1.013886627949347,-0.5623296809222483,Education,0.27045862941655235,5,116,33.71,2018-04-24,1,0
C1443,-0.9333687906665469,Male,South,Secondary,Self-Employed,0.2201651998911575,-0.27482200763917614,Education,-0.3043506720878745,0,80,91.31,2019-04-18,1,1
C1444,0.5140804927944281,Male,North,Secondary,Salaried,-0.5318796520523322,-0.43270168378930823,Home,-0.9388651908050124,6,141,83.18,2020-12-05,0,1
C1445,1.2378051345249157,Female,South,Post-Graduate,Self-Employed,0.2201651998911575,-0.45624585082009544,Home,0.9744223444794035,6,142,49.09,2020-01-02,0,0
C1446,-1.2047655313154797,Female,East,Graduate,Salaried,2.3108182590219744,0.947736024510391,Business,0.6348333819211339,0,14,67.88,2024-07-06,0,0
C1447,-1.4761622719644125,Male,West,Graduate,Salaried,-0.6839704239413645,-0.22294123284250714,Education,0.2528628101389121,2,66,90.72,2020-12-23,1,1
C1448,-0.842903210450236,Female,East,Post-Graduate,Salaried,-0.8030984584334511,-0.30139761711273344,Business,-0.08358987265496863,7,94,35.89,2018-06-06,1,0
C1449,0.785477233443361,Male,North,Post-Graduate,Self-Employed,0.46710582304583426,-0.3747893160609653,Other,-0.33806342957760477,6,64,24.43,2019-03-21,0,1
C1450,6.427966085902237e-16,Female,South,Graduate,Unemployed,0.2201651998911575,-0.41380210071746587,Car,-0.933588188176535,0,111,60.31,2024-09-09,0,0
C1451,0.42361491257811723,Female,East,Post-Graduate,Salaried,0.2201651998911575,-0.2897555879129322,Home,-0.5885224535472695,2,42,30.69,2022-11-15,0,0
C1452,0.061752591712873464,Other,East,Graduate,Salaried,1.8653826199540398,0.1621510409294309,Other,-2.307613657416913e-15,0,138,34.05,2021-11-16,0,2
C1453,1.4187362949575375,Male,South,Graduate,Unemployed,-1.097809958647573,-0.33251303755893985,Other,-0.5173976480712993,0,147,86.87,2021-07-08,0,1
C1454,-0.9333687906665469,Male,South,Graduate,Salaried,-1.3670807718134426,-0.6287401082568055,Home,-2.307613657416913e-15,6,51,20.56,2022-11-23,0,1
C1455,1.5092018751738485,Male,West,Graduate,Self-Employed,-1.1865460872923845,-0.6334043070402047,Home,-0.41425477194151145,4,137,81.26,2024-10-19,1,1
C1456,-1.023834370882858,Male,East,Graduate,Salaried,-1.1785202309220975,-0.5068535661563917,Education,-0.6340103478342016,4,82,58.77,2023-09-26,0,1
C1457,0.33314933236180627,Male,East,Graduate,Salaried,0.6696849810939921,0.016653366099303398,Business,0.21769473348391094,5,57,61.95,2019-04-19,0,1
C1458,1.3282707147412267,Female,North,Secondary,Self-Employed,2.0993046473160546,0.46984271269571815,Other,-0.35247899313780334,7,66,70.38,2022-04-27,0,0
C1459,1.3282707147412267,Male,West,Graduate,Unemployed,0.6517501379433867,0.4383128344499892,Education,-0.6832875209618868,0,27,52.36,2024-06-19,0,1
C1460,1.4187362949575375,Male,North,Secondary,Self-Employed,-0.5533519416547904,-0.5126354199313291,Education,0.2289945077250867,7,48,28.67,2020-02-18,1,1
C1461,-0.20964414893605934,Female,East,Graduate,Salaried,0.04204765010996113,0.07524316792274731,Other,0.38880351045213113,5,56,27.71,2020-11-09,0,0
C1462,1.6901330356064703,Male,North,Graduate,Unemployed,-1.0208154777884795,-0.48755989717288134,Other,-0.11824389067650401,5,50,76.58,2018-07-01,0,1
C1463,1.0568739740922939,Female,East,Graduate,Salaried,1.165806295811881,0.024076510384106242,Car,-0.5185811829451091,5,88,36.58,2022-11-22,0,0
C1464,0.33314933236180627,Male,East,Post-Graduate,Salaried,0.15229081232420208,0.3129031028165385,Business,0.4777811377652223,5,51,22.11,2018-01-07,0,1
C1465,0.24268375214549534,Male,North,Post-Graduate,Self-Employed,0.6258583713409888,-0.16848277187544444,Other,0.11726891306778554,3,95,93.47,2023-10-31,0,1
C1466,1.0568739740922939,Male,North,Graduate,Self-Employed,-0.929571308341547,-0.3273835430216432,Home,-1.6411449874825448,6,56,93.53,2024-01-15,1,1
C1467,6.427966085902237e-16,Male,South,Graduate,Unemployed,-0.4931750578518534,-0.39432939771051523,Car,-0.6580053746241697,6,28,48.36,2020-03-18,0,1
C1468,-0.752437630233925,Female,South,Graduate,Salaried,0.5535556950610745,0.07527113338591668,Business,0.7553714195740798,3,149,21.91,2022-01-31,0,0
C1469,6.427966085902237e-16,Male,South,Secondary,Self-Employed,1.8598548881098902,0.8992961258079961,Home,1.8158095892488617,0,93,74.54,2022-11-02,1,1
C1470,0.24268375214549534,Male,East,Secondary,Self-Employed,-0.8472464221301632,-0.1822791052745231,Home,-1.1787579585745176,3,68,82.33,2018-10-14,0,1
C1471,0.42361491257811723,Male,North,Graduate,Salaried,0.6369238993093911,0.4441061588825023,Business,1.076130431565085,0,123,29.38,2021-09-14,0,1
C1472,1.3282707147412267,Male,West,Graduate,Salaried,-0.9192146091007938,-0.35107898508453766,Car,-0.1548469536359375,4,68,30.16,2024-12-27,0,1
C1473,0.875942813659672,Female,East,Graduate,Salaried,2.3108182590219744,0.48782111019897734,Home,0.8781751994365681,6,90,81.67,2021-07-09,0,0
C1474,-0.3001097291523703,Male,West,Post-Graduate,Salaried,-0.7020200072853425,-0.23475612485197297,Education,-1.0947254561256108,1,60,89.14,2019-05-26,1,1
C1475,-0.028712988503437474,Female,North,Secondary,Salaried,0.2201651998911575,0.14921496096589362,Business,0.5887606410702244,2,63,79.31,2021-05-15,0,0
C1476,0.42361491257811723,Other,East,Secondary,Self-Employed,-0.1604358972772246,-0.513954453787265,Business,0.9900724176114846,6,137,35.06,2023-09-09,0,2
C1477,0.1522181719291844,Male,West,Post-Graduate,Self-Employed,2.3108182590219744,1.4114352234625775,Other,1.8848759168938154,3,129,50.86,2021-06-20,0,1
C1478,-0.661972050017614,Female,West,Secondary,Unemployed,-0.0891095671703265,0.1310358728376911,Car,-1.150509416082889,3,51,65.06,2022-07-31,0,0
C1479,6.427966085902237e-16,Male,South,Graduate,Salaried,-0.7792589169472156,-0.35035656307042506,Education,-0.6820671087100391,4,125,32.02,2021-08-29,0,1
C1480,1.4187362949575375,Male,South,Graduate,Self-Employed,0.4296326971187597,-0.15076941538612743,Education,0.6197942480420899,3,106,35.8,2022-07-07,0,1
C1481,-0.752437630233925,Male,South,Graduate,Salaried,0.39833108395311717,0.3713599367773658,Other,-0.6321199234752214,0,48,41.22,2021-04-26,1,1
C1482,6.427966085902237e-16,Female,East,Secondary,Salaried,0.2201651998911575,-0.3376546680519516,Home,-2.307613657416913e-15,0,19,58.21,2024-03-20,0,0
C1483,-0.752437630233925,Other,North,Secondary,Salaried,-1.1513251770474766,-0.5686193177667435,Home,-0.15522180057326435,1,109,58.31,2019-06-06,0,2
C1484,-1.023834370882858,Male,North,Secondary,Unemployed,-0.7889259169927202,-0.2537521990953414,Education,0.7142513243604408,1,55,81.07,2020-02-25,0,1
C1485,6.427966085902237e-16,Female,South,Graduate,Salaried,0.7957427904509556,-0.018086667434223633,Car,0.8210624359907964,6,57,76.48,2022-09-19,0,0
C1486,0.69501165322705,Male,South,Graduate,Salaried,-1.3670807718134426,-0.49822708106796076,Home,0.03840252369871045,1,38,88.53,2022-04-02,0,1
C1487,-0.5715064698013032,Male,South,Secondary,Self-Employed,-0.5636761169903598,-0.4792378892191376,Business,0.5695293425172154,0,128,82.47,2019-12-14,0,1
C1488,0.9664083938759829,Male,West,Graduate,Salaried,0.9847504147852292,-0.08638445382495832,Other,-0.33416613538279555,7,81,39.04,2024-11-26,0,1
C1489,-0.11917856871974841,Other,South,Post-Graduate,Self-Employed,-0.42363924457742674,-0.454332430429906,Car,-0.46510479528360366,5,140,44.85,2024-05-20,0,2
C1490,-0.39057530936868123,Female,West,Secondary,Salaried,2.3108182590219744,2.093755222216648,Home,1.2020706884522834,5,127,57.53,2021-05-17,0,0
C1491,-1.3856966917481015,Male,North,Graduate,Self-Employed,-1.3670807718134426,-0.577117285607697,Education,-1.3413926193509067,1,74,21.07,2022-07-22,0,1
C1492,1.3282707147412267,Male,East,Graduate,Salaried,-1.0759002798719906,-0.5016036755971812,Other,-1.3805956267732686,1,25,87.79,2024-02-23,0,1
C1493,-0.752437630233925,Male,East,Graduate,Salaried,-1.3670807718134426,-0.7020837910324258,Home,-0.00237986176984059,0,112,23.33,2018-01-02,1,1
C1494,0.42361491257811723,Male,East,Graduate,Salaried,2.3108182590219744,0.21316344106499516,Education,2.2943504848618548,4,112,44.18,2021-05-29,0,1
C1495,0.061752591712873464,Male,East,Graduate,Salaried,-1.0662510773218141,-0.4656112756695479,Home,-1.3560629632111663,6,139,62.69,2021-03-21,1,1
C1496,1.4187362949575375,Female,West,Post-Graduate,Salaried,-1.3670807718134426,-0.6768971405433855,Other,0.18361011452048268,3,94,58.84,2020-05-10,0,0
C1497,0.24268375214549534,Male,West,Post-Graduate,Salaried,-0.8499637407567646,-0.3618344471603191,Business,-1.5250162241442735,6,83,69.08,2022-10-27,1,1
C1498,-0.39057530936868123,Male,South,Graduate,Salaried,-1.3011232171267249,-0.5209337524478367,Business,-1.723013481219671,2,46,59.56,2024-07-03,0,1
C1499,1.6901330356064703,Male,West,Graduate,Salaried,0.2201651998911575,0.1995370569285568,Education,0.7511445161898788,5,56,37.18,2024-10-20,0,1
C1500,1.6901330356064703,Female,South,Graduate,Self-Employed,-0.29146679304181594,-0.08384062903572798,Business,-0.041735461319652896,7,106,35.08,2021-08-12,1,0
C1501,-0.5715064698013032,Female,South,Graduate,Unemployed,0.6745769242432945,0.048986626260313595,Other,-2.307613657416913e-15,5,109,88.04,2023-03-20,0,0
C1502,0.9664083938759829,Male,East,Graduate,Salaried,-0.4986724118505474,0.5969977966445603,Education,-1.4723373361702572,0,83,39.8,2022-12-15,0,1
C1503,-1.3856966917481015,Female,West,Secondary,Self-Employed,-0.30761888957620526,-0.044042723750806416,Home,-1.0434252559665216,6,116,41.07,2022-12-17,1,0
C1504,1.3282707147412267,Male,West,Graduate,Self-Employed,-0.82823251794785,-0.25866264995557403,Car,-0.5411759411031452,7,108,50.97,2020-05-25,0,1
C1505,0.24268375214549534,Male,South,Graduate,Salaried,-1.3543543416199164,-0.6249635777805533,Home,-1.2795210178224912,0,20,30.46,2023-09-25,0,1
C1506,0.785477233443361,Male,South,Graduate,Self-Employed,-1.3670807718134426,-0.4633389384038173,Other,-1.7842252521099267,2,100,58.05,2023-04-23,0,1
C1507,-0.842903210450236,Male,North,Post-Graduate,Salaried,0.2201651998911575,-0.4180422522316095,Education,0.6090586254601812,7,41,69.88,2019-11-27,0,1
C1508,-0.20964414893605934,Male,North,Secondary,Salaried,-0.24674982750902394,-0.493733290373505,Home,0.6274246663339638,6,150,78.95,2018-12-14,0,1
C1509,-0.752437630233925,Female,South,Graduate,Salaried,-0.7207398272829006,-0.49225284142416503,Education,-0.5345973318855861,7,50,73.36,2021-03-08,1,0
C1510,-1.023834370882858,Female,North,Secondary,Self-Employed,-1.3670807718134426,-0.45836441245036724,Business,-0.3777180590334495,2,6,31.07,2023-10-13,0,0
C1511,-0.9333687906665469,Female,North,Post-Graduate,Self-Employed,-0.1210409008619314,-0.12598827558370043,Car,-0.5758813536211553,1,123,54.21,2025-02-05,0,0
C1512,6.427966085902237e-16,Male,South,Graduate,Salaried,2.290420923336917,1.0813500751508596,Other,0.827486049799555,6,91,22.89,2024-12-11,0,1
C1513,1.5996674553901595,Male,South,Graduate,Salaried,-0.44351368170951966,-0.4129670597872758,Home,-0.8594886562538604,2,98,21.33,2021-10-04,1,1
C1514,-1.2047655313154797,Female,West,Graduate,Unemployed,-0.8267396744000229,-0.36458169259099554,Car,-2.307613657416913e-15,3,7,53.01,2019-01-18,0,0
C1515,-0.661972050017614,Male,South,Graduate,Salaried,-0.392162394534708,-0.31732691928799894,Other,0.7056943436771359,3,115,38.97,2020-08-20,1,1
C1516,-1.023834370882858,Male,South,Post-Graduate,Salaried,0.2201651998911575,0.25284471270368775,Other,0.9541243600894467,5,5,71.25,2021-06-25,0,1
C1517,0.6045460730107391,Male,East,Graduate,Unemployed,-1.190909729738374,-0.6416204867071555,Business,0.23336568678265832,3,109,74.32,2020-07-09,1,1
C1518,-1.6570934323970343,Female,West,Graduate,Salaried,0.17688402778618953,-0.2696478922439103,Education,-2.307613657416913e-15,6,26,87.16,2020-03-26,0,0
C1519,-1.3856966917481015,Male,West,Post-Graduate,Self-Employed,0.9769483036420701,-0.20376199513897114,Education,0.8599908847571073,3,146,77.05,2019-08-27,0,1
C1520,0.785477233443361,Male,West,Graduate,Self-Employed,-0.4735618849910938,-0.02735525699242272,Car,-0.7305898138771416,3,138,23.62,2018-04-11,0,1
C1521,1.5092018751738485,Female,East,Secondary,Unemployed,-1.3670807718134426,-0.5855428047754031,Business,0.30733118465513615,7,69,47.87,2018-07-09,0,0
C1522,1.5996674553901595,Male,South,Graduate,Salaried,0.05512107596083924,-0.164701630194847,Other,-0.2549945455204329,1,25,40.48,2020-09-29,0,1
C1523,-0.11917856871974841,Male,West,Post-Graduate,Salaried,2.3108182590219744,0.8749325179413217,Business,2.0881977899495494,5,8,48.96,2023-05-01,0,1
C1524,-1.1142999510991687,Male,West,Graduate,Salaried,-0.5600712176612036,0.0006148173812877252,Business,-0.6467676635000654,0,135,32.01,2024-11-08,0,1
C1525,-1.7475590126133453,Male,North,Secondary,Unemployed,-0.50154139769825,-0.04521277670615014,Car,-0.9052528653423703,5,117,27.33,2018-10-26,0,1
C1526,0.1522181719291844,Female,West,Graduate,Self-Employed,-1.0225750617600482,-0.3345604811122428,Education,-0.5655717637736852,5,34,59.07,2023-02-09,0,0
C1527,-0.3001097291523703,Male,South,Graduate,Salaried,0.2153867443681448,-0.22048031796623335,Business,-0.9356852760937067,5,35,74.03,2022-08-25,0,1
C1528,-1.2047655313154797,Male,South,Secondary,Unemployed,-0.8912645862143787,-0.5356031634776262,Business,0.06039912461435534,2,24,72.64,2025-01-23,1,1
C1529,0.42361491257811723,Female,North,Graduate,Salaried,1.0308987281543407,0.7135435546951344,Business,1.3505213775511715,0,58,53.82,2024-06-15,1,0
C1530,-1.4761622719644125,Female,West,Post-Graduate,Salaried,-0.8820098886438018,-0.4129908958137179,Home,-0.8286506430592501,2,130,59.17,2020-03-07,0,0
C1531,1.4187362949575375,Male,West,Graduate,Salaried,0.04119851347735615,-0.27042498341202836,Business,0.24634496496742223,1,19,58.72,2022-04-22,0,1
C1532,6.427966085902237e-16,Male,West,Graduate,Salaried,-0.3784905880300981,-0.23991399779611172,Business,-0.14082094899215283,1,61,71.87,2023-07-18,0,1
C1533,0.9664083938759829,Male,East,Graduate,Unemployed,2.113186989680158,1.213064722544696,Other,1.90668972228124,4,83,23.59,2022-06-25,0,1
C1534,-0.11917856871974841,Other,West,Secondary,Salaried,0.12401096225825659,-0.16025980157920872,Home,-0.9960847216486757,4,18,73.24,2020-09-26,0,2
C1535,1.6901330356064703,Female,South,Post-Graduate,Self-Employed,1.7373947258802442,0.525512406278821,Business,0.15852557312039925,7,95,63.67,2019-08-28,0,0
C1536,0.6045460730107391,Male,South,Graduate,Self-Employed,-0.2215826150719353,0.044262183583327286,Business,-1.330434858027508,1,18,34.86,2018-01-23,0,1
C1537,-0.9333687906665469,Male,East,Graduate,Salaried,-0.4951175379136644,-0.3016366197339791,Car,-2.307613657416913e-15,1,103,23.68,2019-03-13,1,1
C1538,0.5140804927944281,Male,East,Graduate,Unemployed,-0.3705640794247917,-0.39398227267096175,Car,-2.307613657416913e-15,2,37,28.14,2022-10-08,0,1
C1539,-0.11917856871974841,Female,West,Graduate,Salaried,-0.9584798799056502,-0.182888862489928,Home,-1.3696601120407603,7,5,59.35,2020-06-15,0,0
C1540,1.6901330356064703,Male,North,Graduate,Salaried,0.28153674141078994,0.39543143287821947,Other,1.2246338791849987,1,38,76.88,2019-12-22,0,1
C1541,-1.5666278521807235,Male,East,Secondary,Salaried,-0.9045229062111073,-0.22577579291864924,Home,-1.224192479681372,6,23,45.1,2023-10-23,0,1
C1542,-0.661972050017614,Male,East,Post-Graduate,Unemployed,-0.217522677078446,-0.03606550082247084,Home,0.6808473536479661,0,8,48.43,2023-03-18,0,1
C1543,0.69501165322705,Female,West,Post-Graduate,Salaried,0.7535576203814084,-0.09086429619980223,Car,0.9243368268210448,2,81,90.06,2018-07-25,0,0
C1544,-0.028712988503437474,Female,West,Graduate,Salaried,2.180265009550916,1.2371559022939493,Car,1.6519560101522748,1,62,35.98,2024-04-02,1,0
C1545,0.69501165322705,Male,East,Post-Graduate,Salaried,-0.16343039061796835,-0.3193745922544534,Other,-1.0207422096955816,2,141,27.78,2020-10-17,0,1
C1546,-1.1142999510991687,Female,North,Secondary,Salaried,0.763137186993524,0.45818790518337765,Business,-0.796787727798434,2,107,45.76,2019-05-13,1,0
C1547,1.6901330356064703,Other,East,Graduate,Self-Employed,0.5786008040998629,0.49920275547181187,Other,-2.307613657416913e-15,3,71,75.94,2023-02-13,0,2
C1548,-1.7475590126133453,Male,West,Graduate,Salaried,-0.6760894266026973,-0.2569187888256675,Business,0.7231751302176425,7,120,66.96,2019-07-01,0,1
C1549,-1.5666278521807235,Male,West,Graduate,Salaried,2.3108182590219744,1.6704014689180977,Education,0.6214943097842685,4,124,51.18,2023-03-19,1,1
C1550,-0.661972050017614,Male,East,Graduate,Salaried,-0.824358584131105,-0.21606611069403725,Car,-0.742455658306986,7,26,92.36,2023-12-16,0,1
C1551,0.69501165322705,Female,North,Graduate,Salaried,-0.24011369281654452,-0.39504649733951275,Education,0.7724229118639314,2,116,75.12,2024-04-08,0,0
C1552,0.42361491257811723,Male,East,Secondary,Unemployed,1.8832695837721003,0.7317942426679238,Education,-2.307613657416913e-15,7,79,24.64,2024-09-04,1,1
C1553,1.1473395543086047,Female,East,Graduate,Salaried,1.8290388024571258,-0.13705369776849025,Car,1.6601996549101492,5,140,75.85,2021-07-23,0,0
C1554,1.5996674553901595,Female,West,Secondary,Unemployed,-0.3186541877032704,-0.19696081284923372,Education,-0.3378387877247651,6,147,21.8,2022-12-18,0,0
C1555,-1.2952311115317907,Male,North,Graduate,Salaried,0.9771116631885842,-0.19252166836746826,Home,1.2863202494270642,6,36,68.77,2024-11-14,1,1
C1556,6.427966085902237e-16,Female,South,Secondary,Salaried,-0.5426381084745235,-0.32149634272753125,Business,-0.11136932060815012,2,71,35.79,2023-08-30,0,0
C1557,0.061752591712873464,Male,North,Secondary,Unemployed,-0.7593435566761774,-0.16761783841161232,Other,-2.307613657416913e-15,5,8,72.23,2022-10-14,0,1
C1558,-0.39057530936868123,Male,East,Graduate,Salaried,-1.213595986127147,-0.31145215318669894,Car,-1.7251969759964674,6,34,43.23,2024-02-23,0,1
C1559,0.061752591712873464,Female,East,Graduate,Self-Employed,0.5517893029000247,-0.11487295603845664,Home,-0.8286465672239842,3,17,85.48,2023-01-01,0,0
C1560,-0.842903210450236,Female,East,Post-Graduate,Unemployed,0.7124741929748285,0.15130812656029294,Other,1.312266513337246,1,25,45.27,2019-10-14,0,0
C1561,1.5092018751738485,Male,North,Graduate,Salaried,-0.8182908222571993,-0.3516138618472889,Other,-0.597706850647589,2,45,66.48,2023-04-29,1,1
C1562,1.4187362949575375,Male,West,Graduate,Salaried,-0.04552179906460496,0.23679762981643573,Other,-0.11648113252014176,3,125,41.44,2023-01-18,0,1
C1563,1.3282707147412267,Female,East,Post-Graduate,Self-Employed,2.3108182590219744,1.5807608723332287,Education,2.598780661522454,7,23,88.79,2020-11-27,0,0
C1564,-0.11917856871974841,Male,East,Graduate,Salaried,1.2570529443278091,0.5379717198308851,Education,0.43487290379554205,0,52,78.57,2020-10-09,1,1
C1565,-0.028712988503437474,Other,North,Secondary,Salaried,0.2201651998911575,0.3354161265552228,Education,-0.12166881257826334,7,90,38.25,2021-02-09,0,2
C1566,-0.20964414893605934,Male,South,Graduate,Salaried,0.9962912579822881,0.05752682906246072,Education,0.015964449741777336,3,67,91.16,2023-11-06,0,1
C1567,-0.5715064698013032,Male,South,Post-Graduate,Salaried,-1.0373943442004436,-0.2598451600450449,Home,0.3819298659718682,4,41,46.79,2023-06-08,0,1
C1568,-0.4810408895849922,Male,West,Graduate,Self-Employed,-1.3670807718134426,-0.5963105633961056,Education,-1.3216200442272865,4,35,68.89,2025-01-11,0,1
C1569,6.427966085902237e-16,Female,West,Graduate,Salaried,-0.3531566489527847,0.07362626403088775,Car,0.5198326831249317,1,78,75.71,2020-09-06,1,0
C1570,-1.7475590126133453,Female,East,Secondary,Salaried,2.1321627087997297,0.19248278605007088,Other,1.9759114188179103,7,150,21.72,2021-01-29,0,0
C1571,-1.5666278521807235,Male,North,Secondary,Salaried,1.7597362066734525,0.29739782496921335,Home,-0.4812050753097814,5,111,91.92,2022-12-07,0,1
C1572,-0.39057530936868123,Male,East,Graduate,Salaried,0.08417731863482636,0.22935688954291192,Education,0.041928949361134726,1,107,45.83,2018-11-14,0,1
C1573,0.24268375214549534,Female,West,Graduate,Salaried,-0.7991063063265335,-0.42159421017384613,Other,0.182035932758298,6,114,34.23,2021-03-16,0,0
C1574,-0.842903210450236,Male,North,Secondary,Self-Employed,0.22200315751174737,0.053492484086538936,Home,1.1376128314216138,5,24,83.8,2020-08-18,0,1
C1575,-0.752437630233925,Female,North,Post-Graduate,Salaried,-0.5819000491866989,-0.5055796349260432,Other,-1.1029031892685737,5,143,72.72,2021-01-17,0,0
C1576,-0.9333687906665469,Female,West,Post-Graduate,Self-Employed,-0.7782088647228618,-0.5698898077998192,Home,-2.307613657416913e-15,5,90,26.51,2021-10-07,0,0
C1577,1.0568739740922939,Male,South,Graduate,Unemployed,1.1023708053175738,0.13202358822021282,Business,1.0571200863512764,5,48,28.78,2021-08-02,1,1
C1578,-0.39057530936868123,Other,South,Post-Graduate,Salaried,-0.7874641173088853,-0.3078521790718508,Home,-0.5435821778414445,4,86,73.64,2024-01-22,0,2
C1579,-1.1142999510991687,Male,North,Secondary,Salaried,1.220892207926286,0.14074677095200613,Education,0.17542747738449166,7,68,25.61,2018-11-27,0,1
C1580,1.5996674553901595,Other,East,Graduate,Salaried,-0.8358633883251502,-0.32485107418341264,Other,0.7342481678539893,6,126,88.79,2019-07-21,1,2
C1581,-0.752437630233925,Female,South,Graduate,Salaried,0.2201651998911575,-0.021990981035868187,Other,0.6902505630200083,4,91,75.62,2019-09-10,0,0
C1582,0.33314933236180627,Female,East,Post-Graduate,Unemployed,-1.3670807718134426,-0.48938487879316267,Other,-0.9581222783170653,2,69,45.16,2020-08-05,0,0
C1583,0.69501165322705,Male,South,Post-Graduate,Unemployed,-1.0732002407263,-0.37674178256954216,Car,-1.6229864918392274,6,59,47.22,2022-04-18,1,1
C1584,-1.1142999510991687,Male,South,Graduate,Salaried,-0.48113344271764386,-0.29946426071967763,Car,-1.0180844728114977,4,78,57.99,2019-09-18,0,1
C1585,0.69501165322705,Male,East,Post-Graduate,Self-Employed,0.2201651998911575,-0.10116017490915877,Education,0.2842908752208725,1,121,47.07,2020-05-26,0,1
C1586,1.4187362949575375,Male,West,Secondary,Unemployed,0.2201651998911575,-0.35092642533878193,Business,-0.36524462525774487,4,133,78.76,2018-09-21,0,1
C1587,0.5140804927944281,Male,South,Post-Graduate,Salaried,-1.3670807718134426,-0.5753308453968697,Car,0.28679108590737573,6,141,93.11,2022-08-27,1,1
C1588,-1.1142999510991687,Male,South,Post-Graduate,Salaried,-0.601452096346249,-0.2399902547276745,Home,0.22818310797788868,6,99,63.84,2022-07-28,0,1
C1589,0.69501165322705,Male,East,Secondary,Salaried,-0.5797961336319231,-0.2969064646695201,Education,-1.1222778427062117,1,149,53.45,2021-09-17,0,1
C1590,0.69501165322705,Female,West,Graduate,Salaried,0.030666466356437525,-0.234872620850311,Business,-0.1845348343198516,0,103,36.71,2024-02-01,0,0
C1591,1.5092018751738485,Female,South,Secondary,Unemployed,-0.5187349622180825,-0.13045731259910792,Home,-0.46624283019560625,7,116,69.01,2023-03-24,0,0
C1592,1.4187362949575375,Male,South,Graduate,Salaried,-0.008980211063473796,-0.4438083085761097,Other,0.9144548424319272,6,56,71.42,2022-08-31,1,1
C1593,0.6045460730107391,Female,West,Graduate,Self-Employed,-0.7297806959023325,-0.1119930868648908,Car,-0.3152872074391215,4,150,71.39,2018-09-13,0,0
C1594,-0.3001097291523703,Male,South,Graduate,Salaried,0.538390823002459,-0.4145944708014747,Home,0.5051403037728183,1,37,22.02,2020-04-27,0,1
C1595,-1.023834370882858,Female,West,Post-Graduate,Salaried,0.3664924748421608,0.4415915154461443,Business,1.0589379738332412,5,8,87.43,2022-09-17,0,0
C1596,1.1473395543086047,Male,West,Graduate,Salaried,-0.6304962026824659,-0.3201284209290081,Education,-2.307613657416913e-15,7,91,45.36,2022-05-15,0,1
C1597,-0.028712988503437474,Male,East,Graduate,Unemployed,0.2201651998911575,-0.11199150391414536,Home,0.36548281278069966,6,79,75.81,2024-07-20,1,1
C1598,-0.661972050017614,Female,North,Post-Graduate,Salaried,-0.5130504940117506,-0.4101510821764062,Education,-0.22017231404266024,7,13,76.99,2018-03-22,0,0
C1599,0.69501165322705,Male,West,Post-Graduate,Self-Employed,0.2201651998911575,-0.4657902638103579,Other,-0.6900123754970535,7,68,68.79,2024-06-16,0,1
C1600,0.785477233443361,Male,East,Secondary,Salaried,0.2201651998911575,-0.23315842284089494,Business,0.9338263756994899,3,34,49.61,2022-04-08,0,1
C1601,-0.661972050017614,Female,North,Post-Graduate,Salaried,-1.0434259190672166,-0.5866168942094692,Business,-1.2445559210113892,7,140,65.63,2023-05-08,0,0
C1602,1.3282707147412267,Male,South,Secondary,Salaried,0.8157253445920892,0.3252397950391194,Car,-0.6925167871265747,5,137,23.01,2018-01-25,0,1
C1603,-1.2952311115317907,Male,North,Post-Graduate,Salaried,0.01997031966840917,-0.24282949483210742,Business,-0.8793604479251774,2,80,77.14,2021-12-11,0,1
C1604,-0.20964414893605934,Male,West,Graduate,Salaried,-0.4151365929372914,-0.060547439992695365,Home,-2.307613657416913e-15,7,133,27.47,2021-05-08,1,1
C1605,6.427966085902237e-16,Female,West,Secondary,Salaried,-1.3670807718134426,-0.6380669458141736,Home,-1.5251277981048694,6,19,49.76,2022-05-17,0,0
C1606,0.42361491257811723,Male,West,Graduate,Salaried,2.0773757280049825,1.1687499934849068,Home,1.6473976674402406,1,93,27.77,2022-09-13,0,1
C1607,-1.6570934323970343,Male,West,Graduate,Salaried,-0.6604748440280385,-0.2955864672783479,Other,-1.3809625818542646,5,132,82.78,2024-01-14,0,1
C1608,-0.9333687906665469,Female,West,Graduate,Unemployed,0.42265067679982204,-0.34027972803813256,Business,-0.19518927880291537,4,30,61.27,2024-02-15,1,0
C1609,0.875942813659672,Female,East,Secondary,Unemployed,-0.4428854042237193,-0.3034769261527815,Business,-0.06759153722559157,4,65,71.82,2024-10-06,0,0
C1610,-1.3856966917481015,Male,West,Graduate,Salaried,-0.5838511874894803,-0.45448574723906177,Home,0.4794833104977744,6,127,71.19,2020-06-22,0,1
C1611,6.427966085902237e-16,Male,East,Post-Graduate,Self-Employed,-0.1305693690519099,-0.36870635752466785,Car,-2.307613657416913e-15,0,71,83.12,2023-06-23,0,1
C1612,-1.7475590126133453,Male,South,Graduate,Unemployed,-0.3063253705758464,-0.19411377269764932,Car,-0.007660374289693627,3,30,29.94,2020-06-17,0,1
C1613,-0.20964414893605934,Male,West,Secondary,Salaried,-0.5800390823935112,-0.18343069047117005,Business,0.48115630284797145,6,87,69.48,2021-01-22,1,1
C1614,1.0568739740922939,Male,West,Graduate,Self-Employed,0.2201651998911575,0.326477960759147,Business,-0.9132902037865782,1,112,63.14,2022-11-21,0,1
C1615,-0.842903210450236,Female,North,Secondary,Unemployed,0.1460348262117646,-0.05638772072947199,Education,-1.148803135038296,5,115,22.32,2023-06-13,1,0
C1616,6.427966085902237e-16,Female,South,Post-Graduate,Salaried,0.23683268923739415,0.3821818139605101,Business,1.1441209660373712,3,64,35.11,2018-04-29,1,0
C1617,6.427966085902237e-16,Female,West,Post-Graduate,Salaried,-0.28929960572610236,0.11121595302592646,Home,-0.4467440505238254,0,43,40.07,2022-05-12,0,0
C1618,0.42361491257811723,Male,West,Graduate,Unemployed,0.4035006828299485,0.3672993928195413,Other,0.01968432331462969,6,127,25.44,2021-10-08,1,1
C1619,0.1522181719291844,Female,South,Graduate,Salaried,-0.7093239365634362,-0.3234091895848419,Business,-0.6919711935445614,2,40,46.6,2022-07-15,0,0
C1620,0.6045460730107391,Male,East,Post-Graduate,Salaried,2.3108182590219744,0.3175150412840232,Business,1.7438403413067805,3,25,22.04,2019-11-08,0,1
C1621,-0.661972050017614,Other,West,Graduate,Salaried,1.9535465276731807,0.07230950136515192,Home,0.4360684875528858,0,122,61.49,2023-03-30,1,2
C1622,1.1473395543086047,Female,North,Post-Graduate,Salaried,0.6095338500077876,0.23662134875081367,Education,1.3076857616504465,6,52,35.86,2019-06-07,0,0
C1623,1.2378051345249157,Male,West,Graduate,Self-Employed,0.2201651998911575,-0.10400767388704608,Business,-0.060774859408392966,7,30,41.53,2024-12-23,0,1
C1624,1.3282707147412267,Male,North,Post-Graduate,Salaried,0.3826999989191727,-0.3166019966705348,Car,-0.4157020019901255,6,40,88.29,2023-12-28,0,1
C1625,-1.7475590126133453,Male,North,Graduate,Unemployed,-0.638741290154247,-0.31326376002024714,Car,0.1915202715140232,1,132,57.71,2018-04-21,1,1
C1626,6.427966085902237e-16,Female,West,Graduate,Salaried,-1.0860044840854703,-0.6297623962012601,Car,-0.45132270745863556,6,150,40.18,2022-06-02,0,0
C1627,-1.2952311115317907,Male,West,Post-Graduate,Salaried,-0.6596452069381318,-0.17900565489822262,Other,-0.6498710466910272,2,19,64.88,2024-08-21,0,1
C1628,0.69501165322705,Male,North,Graduate,Salaried,-1.0196163854161395,-0.5976524009193018,Other,0.6536057535659554,6,83,35.13,2024-04-30,0,1
C1629,-0.3001097291523703,Female,South,Graduate,Salaried,0.24861644419501103,0.08840317806347596,Business,0.4185649835082487,4,138,25.58,2018-04-22,1,0
C1630,-1.3856966917481015,Male,South,Secondary,Salaried,2.2580891645009458,1.0761618279054606,Business,0.8944887706827147,0,32,21.57,2018-12-10,0,1
C1631,0.9664083938759829,Female,West,Graduate,Unemployed,0.7074668806146469,-0.2736018049689119,Business,1.3506649573735525,7,140,91.36,2022-10-22,0,0
C1632,6.427966085902237e-16,Male,East,Graduate,Unemployed,2.3108182590219744,1.8525118080136025,Other,3.7280592666335117,4,124,74.35,2019-07-10,0,1
C1633,1.5996674553901595,Female,South,Secondary,Salaried,-1.3670807718134426,-0.44901096296742365,Business,-0.7190559145648192,6,92,80.0,2023-03-07,0,0
C1634,-1.5666278521807235,Female,West,Secondary,Self-Employed,-0.7724800692828441,-0.46493629629516803,Home,0.41699903460853305,2,35,93.57,2020-01-15,0,0
C1635,6.427966085902237e-16,Male,South,Graduate,Salaried,-1.065089540994709,-0.5687430173380389,Education,0.2682855434461515,0,51,89.87,2018-07-25,0,1
C1636,1.5092018751738485,Male,East,Post-Graduate,Salaried,1.4152060759403984,0.11928028412789136,Car,-2.307613657416913e-15,0,38,75.27,2020-12-01,0,1
C1637,1.5092018751738485,Male,West,Graduate,Self-Employed,-0.5396249666147669,-0.23818064378854442,Car,-0.9016683549678165,6,6,72.05,2022-04-02,0,1
C1638,-0.9333687906665469,Male,East,Secondary,Salaried,-0.13420775431302423,-0.08887519241092878,Home,-0.8252356127351582,2,110,45.26,2021-09-02,0,1
C1639,-0.9333687906665469,Male,West,Graduate,Unemployed,0.4214124003369364,-0.3248745890314426,Business,-0.47990449413878594,1,98,27.8,2020-05-16,0,1
C1640,-0.11917856871974841,Female,East,Secondary,Self-Employed,-1.3293079375450856,-0.5284275330419902,Other,-0.5580996210448905,7,76,63.03,2023-02-06,0,0
C1641,-0.3001097291523703,Female,South,Graduate,Salaried,-0.8566477917828196,-0.47987655249163313,Business,-1.1625858886371516,0,56,63.22,2021-08-31,0,0
C1642,0.061752591712873464,Female,South,Secondary,Self-Employed,0.9888840588300564,0.6014387993728529,Business,1.3929766417012046,7,139,91.42,2021-10-14,0,0
C1643,-0.5715064698013032,Female,East,Secondary,Salaried,-0.8037947808130317,0.842789395400285,Car,-0.9567087916376985,2,94,53.19,2022-04-02,0,0
C1644,-1.023834370882858,Female,East,Secondary,Salaried,-1.3670807718134426,-0.4602116242050302,Car,-0.8896057337581033,3,96,71.81,2021-02-13,0,0
C1645,-1.7475590126133453,Female,East,Graduate,Salaried,-1.04067111839744,-0.4553878456334389,Other,0.2384059198824984,4,147,63.12,2022-09-23,0,0
C1646,-0.661972050017614,Male,West,Secondary,Salaried,-0.5965116078458647,-0.15814314407809454,Car,-0.9672297728138005,0,82,33.26,2020-10-30,0,1
C1647,-1.4761622719644125,Female,South,Graduate,Salaried,-0.15918111835505366,-0.14542668132449993,Business,-1.201559220306544,3,129,64.4,2018-12-02,0,0
C1648,-1.7475590126133453,Female,West,Graduate,Salaried,-0.4020661641698261,-0.149196673525934,Home,0.3765801941596,0,146,60.51,2023-04-11,1,0
C1649,6.427966085902237e-16,Male,South,Graduate,Self-Employed,-0.8515961891899818,-0.4177400692284373,Other,-2.307613657416913e-15,1,135,57.04,2018-03-21,0,1
C1650,1.2378051345249157,Male,North,Graduate,Self-Employed,0.890661236157897,0.4752090074880057,Home,0.8018246883982713,6,54,58.51,2024-01-19,1,1
C1651,0.69501165322705,Male,West,Post-Graduate,Salaried,2.3108182590219744,3.512103545569037,Business,5.2760825129451145,2,97,32.3,2018-08-02,0,1
C1652,0.9664083938759829,Male,South,Secondary,Self-Employed,-0.11212724178291054,-0.17038437748833102,Other,-0.835843274423799,0,128,54.76,2021-12-04,0,1
C1653,-1.1142999510991687,Female,South,Graduate,Salaried,-0.8132330774934166,-0.34687037787872704,Home,-0.18952750518266828,2,58,65.42,2020-07-07,1,0
C1654,1.6901330356064703,Male,West,Secondary,Salaried,2.006487786099012,1.0306398580184675,Other,1.3524137667550418,5,138,56.71,2018-10-09,0,1
C1655,0.5140804927944281,Male,West,Secondary,Salaried,-0.6835320357404362,-0.22892201076112104,Business,-1.269293626692605,0,82,56.65,2018-06-14,0,1
C1656,6.427966085902237e-16,Other,South,Graduate,Salaried,0.2201651998911575,-0.16780290600093742,Other,0.36548281278069966,1,82,25.81,2018-05-08,1,2
C1657,-1.5666278521807235,Male,West,Graduate,Salaried,1.0545415721662232,0.42595884447578436,Business,-0.7094970578487996,1,24,34.31,2020-10-09,0,1
C1658,-0.752437630233925,Male,East,Post-Graduate,Self-Employed,0.2201651998911575,0.08991574485402773,Other,0.8120384693597491,6,95,44.07,2020-03-27,0,1
C1659,-1.7475590126133453,Male,West,Graduate,Salaried,-0.06047069611234787,0.2115294229520327,Other,0.5061958639146472,6,103,51.45,2018-03-25,0,1
C1660,-1.3856966917481015,Female,West,Post-Graduate,Salaried,-1.3670807718134426,-0.5005512657059331,Car,0.3479433106306226,3,60,64.55,2024-12-19,1,0
C1661,0.875942813659672,Female,West,Secondary,Unemployed,0.48846992163719205,0.1922214844704983,Business,-0.7549451867243886,1,6,84.75,2019-09-17,1,0
C1662,0.875942813659672,Male,South,Secondary,Self-Employed,-0.2767950337071853,-0.29928940201559484,Education,0.6142389332903716,2,109,31.94,2020-09-04,0,1
C1663,-0.3001097291523703,Female,East,Secondary,Unemployed,0.29476449855691367,0.24132652072307287,Other,0.966565256935925,5,116,21.13,2019-06-02,0,0
C1664,6.427966085902237e-16,Male,North,Secondary,Salaried,-0.1411565107061825,-0.09127705634200335,Home,0.6940636635752419,7,28,53.69,2023-04-24,1,1
C1665,-0.4810408895849922,Female,North,Graduate,Self-Employed,-0.811918023893721,-0.11507061840979968,Car,-0.06716247031236439,1,113,52.41,2019-04-14,0,0
C1666,1.5092018751738485,Female,East,Graduate,Unemployed,0.8165115424730248,-0.12827765824658838,Car,0.6271972314784694,0,72,61.39,2024-04-29,0,0
C1667,0.061752591712873464,Female,East,Secondary,Self-Employed,-0.12467636304169274,-0.45762035677606694,Other,0.1532506141290756,7,118,82.49,2020-06-11,0,0
C1668,6.427966085902237e-16,Male,East,Post-Graduate,Self-Employed,-1.2518998961760515,-0.6340365238031426,Education,-1.701411180829591,7,88,80.18,2023-03-20,0,1
C1669,-1.6570934323970343,Other,South,Post-Graduate,Salaried,1.5734821249739432,0.5778487497117631,Car,1.4668533155939925,1,53,27.5,2020-11-15,0,2
C1670,6.427966085902237e-16,Male,North,Graduate,Salaried,-1.3183678800686944,-0.37760102658721684,Business,-0.3909145581279622,5,36,90.05,2022-02-19,1,1
C1671,1.6901330356064703,Male,East,Secondary,Salaried,0.8273068519208847,-0.39721878752986883,Other,-0.4235602935739559,2,65,28.28,2019-11-19,1,1
C1672,1.5996674553901595,Female,South,Secondary,Salaried,1.9565732489108696,0.8472998873721711,Other,0.41709881949979366,0,133,67.59,2024-10-17,0,0
C1673,1.2378051345249157,Male,North,Secondary,Unemployed,-1.1575880453514547,-0.4048382177071056,Education,-0.7466118898290617,3,106,70.43,2024-10-23,0,1
C1674,1.5996674553901595,Female,West,Secondary,Salaried,-0.45107824624143994,-0.09720121509482393,Business,0.7407323021330049,3,39,70.99,2019-04-15,0,0
C1675,1.2378051345249157,Male,South,Graduate,Unemployed,-0.5355637335852349,-0.3559464898028072,Business,-0.6766082012649786,3,55,39.9,2019-11-02,0,1
C1676,-0.20964414893605934,Female,North,Secondary,Unemployed,0.2201651998911575,0.24640130022373385,Education,0.6699525786300515,6,49,44.78,2021-06-28,0,0
C1677,0.875942813659672,Male,South,Graduate,Salaried,2.3108182590219744,-0.07136076006528816,Home,0.08049000460998497,0,81,61.15,2019-03-19,0,1
C1678,-0.4810408895849922,Male,North,Post-Graduate,Salaried,-1.1512995723348636,-0.36626485100101197,Business,-0.25670048555889025,7,117,34.97,2024-06-28,0,1
C1679,0.6045460730107391,Male,North,Graduate,Unemployed,-0.6136712424213815,-0.42618469851166435,Home,-0.4876088782857747,3,69,21.52,2018-04-16,0,1
C1680,1.2378051345249157,Male,West,Post-Graduate,Unemployed,0.2201651998911575,-0.055601613624499564,Home,-1.035078110126319,6,18,62.16,2021-07-01,0,1
C1681,1.5996674553901595,Male,South,Secondary,Salaried,-0.6273804939681368,2.4893232575500437,Other,0.15591013723578348,1,97,54.9,2024-06-16,0,1
C1682,1.1473395543086047,Male,East,Graduate,Salaried,-1.0607890963075977,-0.5243272317850085,Other,-0.27787272849410344,7,135,69.25,2022-03-18,0,1
C1683,6.427966085902237e-16,Male,West,Graduate,Salaried,-0.051377619039885004,-0.3642640242000963,Car,-0.6265006457150925,0,28,31.0,2022-06-13,0,1
C1684,-0.4810408895849922,Male,West,Secondary,Self-Employed,0.6756916912687477,0.2960316696519569,Other,1.154038139012229,0,69,83.07,2020-03-23,0,1
C1685,0.875942813659672,Male,North,Secondary,Salaried,0.2201651998911575,-0.005899942588786461,Business,-0.9741841569564486,0,142,30.97,2018-11-08,0,1
C1686,-0.3001097291523703,Female,East,Graduate,Salaried,0.3119849628254022,0.006367971570970994,Business,0.4057791207571398,4,17,86.85,2024-08-22,0,0
C1687,-1.3856966917481015,Male,South,Graduate,Salaried,-1.293599464730661,-0.5813036167964958,Home,-0.7657063174134067,6,146,53.71,2025-01-13,0,1
C1688,0.785477233443361,Female,East,Graduate,Salaried,-1.2672573585947133,-0.6477346913146891,Business,-1.3427872857391476,7,104,61.24,2020-09-21,0,0
C1689,-1.4761622719644125,Female,East,Graduate,Salaried,0.2201651998911575,-0.11410130196202933,Other,-0.2434567189180041,2,142,87.24,2019-02-22,0,0
C1690,-0.9333687906665469,Female,East,Graduate,Salaried,0.36057689820377303,-0.35801985704223105,Other,0.5082962668625444,4,103,42.49,2021-05-20,0,0
C1691,-0.3001097291523703,Male,East,Secondary,Salaried,0.6081040562147192,0.5003871467491251,Other,-0.6415482235556444,4,59,33.64,2024-09-25,1,1
C1692,-0.9333687906665469,Female,East,Graduate,Salaried,-1.19774718703393,-0.6359753861118348,Education,-2.307613657416913e-15,4,67,53.43,2019-05-11,0,0
C1693,-0.3001097291523703,Male,North,Secondary,Salaried,0.5525885621444755,-0.0007094470945025952,Business,1.1203106996205134,2,75,38.33,2024-05-07,0,1
C1694,-0.028712988503437474,Male,North,Secondary,Salaried,-0.15945755304859974,-0.48318083599549694,Car,-0.18678131780180585,4,103,59.59,2018-06-18,0,1
C1695,0.33314933236180627,Male,West,Post-Graduate,Salaried,-1.0266138721655285,-0.589597796934961,Business,-0.9327079677433888,3,70,40.64,2021-11-23,0,1
C1696,-1.3856966917481015,Female,North,Graduate,Unemployed,-1.2735672182065223,-0.4469874242645083,Business,-1.1222786221488121,0,83,84.84,2023-12-23,0,0
C1697,1.2378051345249157,Male,West,Graduate,Salaried,-0.08919814763563878,-0.018803422943493898,Education,0.08762875700477185,7,77,65.55,2022-10-21,0,1
C1698,-1.2952311115317907,Male,West,Graduate,Salaried,1.5349496595640382,-0.26639043196427015,Business,-0.4377697108046867,7,51,20.02,2022-02-26,0,1
C1699,-1.6570934323970343,Other,South,Graduate,Self-Employed,-0.29726637145181833,-0.5380275328388641,Home,-0.5720282765555422,0,85,80.41,2018-10-10,0,2
C1700,-0.661972050017614,Female,East,Secondary,Unemployed,-1.0602781860882846,-0.6017000977406416,Other,-0.48062835273890503,6,130,44.77,2023-09-04,1,0
C1701,-0.842903210450236,Male,North,Secondary,Salaried,-1.3670807718134426,-0.5034688274602924,Other,0.20159963350335117,1,56,44.02,2021-10-29,0,1
C1702,0.24268375214549534,Male,South,Secondary,Self-Employed,2.0536444885329366,0.665160596336945,Education,-2.307613657416913e-15,5,150,48.73,2018-02-21,0,1
C1703,6.427966085902237e-16,Female,North,Post-Graduate,Self-Employed,1.0666097170387907,-0.3241776777597782,Other,-0.15615521556422704,3,150,67.27,2022-09-17,0,0
C1704,0.9664083938759829,Male,West,Graduate,Self-Employed,-0.005974210402466033,-0.11481106037017849,Home,0.04296073650364299,2,27,53.15,2023-07-01,0,1
C1705,-0.842903210450236,Male,North,Graduate,Salaried,1.9364744745351714,0.81853111111147,Education,-0.40364116700303865,5,144,67.15,2019-03-09,0,1
C1706,-0.39057530936868123,Male,East,Graduate,Self-Employed,2.3108182590219744,12.04535850159865,Car,5.2760825129451145,0,25,31.01,2022-11-11,0,1
C1707,-1.1142999510991687,Female,West,Post-Graduate,Salaried,-0.7911850888684867,-0.13064800081064504,Other,0.6117699351843401,4,68,92.76,2022-01-23,0,0
C1708,-1.4761622719644125,Male,West,Secondary,Self-Employed,0.31301618152559385,-0.1640658345867454,Business,-0.9334352851200504,7,76,74.72,2023-02-27,0,1
C1709,-1.4761622719644125,Female,South,Graduate,Self-Employed,-0.9958409297134968,-0.5675082239913384,Home,-1.4266524678431325,6,134,38.77,2019-09-19,0,0
C1710,0.42361491257811723,Female,East,Graduate,Salaried,-1.0958140120977184,-0.5456085133719074,Home,-0.1714559661044772,6,73,74.31,2022-11-19,0,0
C1711,-1.5666278521807235,Male,West,Post-Graduate,Self-Employed,0.6234378009732872,0.3738990356556751,Other,-0.9189905898926565,1,72,63.13,2019-12-23,0,1
C1712,1.0568739740922939,Male,East,Post-Graduate,Salaried,0.7544445350654269,0.6384300871034867,Car,-0.4352388931573981,1,132,28.19,2023-11-08,0,1
C1713,-1.5666278521807235,Male,North,Secondary,Self-Employed,-1.2442053470264858,-0.5004405968016435,Business,-2.307613657416913e-15,0,111,33.36,2021-01-11,0,1
C1714,0.6045460730107391,Male,East,Post-Graduate,Salaried,-1.2257759851127636,-0.5498534137382873,Car,-2.307613657416913e-15,3,113,23.1,2024-11-27,0,1
C1715,0.785477233443361,Male,West,Post-Graduate,Salaried,-0.7257616070457293,0.8395019967043726,Car,0.5186939824390437,6,76,80.69,2024-01-14,0,1
C1716,1.0568739740922939,Female,South,Secondary,Salaried,-0.91869866674143,-0.4771381165259747,Other,-0.7229640884792616,5,107,61.38,2023-06-04,0,0
C1717,-0.11917856871974841,Female,West,Graduate,Salaried,0.2090868010323192,-0.25167346358817216,Business,-0.9993440420749152,1,145,43.76,2023-03-20,1,0
C1718,0.061752591712873464,Female,East,Graduate,Salaried,-0.28451145046535525,-0.12691558648342874,Other,-0.5461326276992348,7,69,29.48,2022-11-20,0,0
C1719,6.427966085902237e-16,Male,East,Post-Graduate,Salaried,1.2912945483173182,-0.32171777230137105,Other,1.343011594240125,7,138,56.3,2024-08-23,1,1
C1720,-0.20964414893605934,Female,West,Secondary,Salaried,0.011935990062300447,-0.2924764278898696,Home,0.5379724883842247,0,116,59.39,2021-01-04,0,0
C1721,0.69501165322705,Female,East,Post-Graduate,Self-Employed,-0.872965356922421,-0.29793396029251396,Other,-0.7028934252760841,3,83,72.65,2021-08-13,0,0
C1722,0.1522181719291844,Male,North,Graduate,Salaried,-1.3670807718134426,-0.6806592868150376,Education,-1.5273177882366704,0,130,92.75,2020-10-02,0,1
C1723,0.061752591712873464,Male,West,Graduate,Salaried,-0.14528693566141812,-0.4581528247007273,Business,0.02241748750870765,0,125,52.62,2018-12-21,0,1
C1724,-1.2952311115317907,Male,South,Graduate,Salaried,-1.3670807718134426,-0.6029147486126394,Home,-1.5588746586080477,3,91,50.45,2021-02-16,0,1
C1725,-1.7475590126133453,Male,West,Graduate,Salaried,-0.8815764215798354,-0.19963388900802623,Business,-1.6200818015578626,3,52,47.74,2023-01-21,0,1
C1726,-1.3856966917481015,Male,North,Post-Graduate,Salaried,-0.9256911953528273,-0.2706075962806323,Home,-1.0710985860573126,3,92,82.02,2020-09-25,1,1
C1727,-0.752437630233925,Male,North,Post-Graduate,Salaried,-0.7742810944077754,-0.5866814051876744,Education,0.6597844437758691,7,72,31.72,2023-03-19,0,1
C1728,0.5140804927944281,Male,North,Post-Graduate,Self-Employed,-1.2648516996420163,-0.49505679778589534,Other,0.11972334534022053,7,105,45.79,2024-05-23,0,1
C1729,1.2378051345249157,Female,North,Secondary,Salaried,-0.928063812385924,-0.4929671422127141,Home,0.5922948797967134,0,21,74.37,2024-11-04,0,0
C1730,-0.5715064698013032,Other,North,Graduate,Salaried,1.2555992848705275,0.47363227383897616,Home,0.028275258466223134,1,42,21.18,2022-04-02,0,2
C1731,0.5140804927944281,Female,South,Secondary,Salaried,1.250452774636284,5.8891151269989015,Home,-0.5423269180099949,2,142,41.7,2021-10-09,0,0
C1732,6.427966085902237e-16,Female,East,Graduate,Unemployed,2.060593836942571,1.1026191978407283,Education,1.0919871357785798,2,58,68.11,2018-04-28,0,0
C1733,-1.023834370882858,Male,North,Graduate,Unemployed,2.3108182590219744,6.347977493771175,Business,5.2760825129451145,0,138,33.95,2023-07-18,0,1
C1734,0.5140804927944281,Female,North,Graduate,Self-Employed,-0.04192204287858912,0.2698115817392985,Education,-0.03370939471605201,0,138,42.7,2021-08-24,0,0
C1735,0.1522181719291844,Male,West,Graduate,Salaried,1.2831939128658292,0.9059219446847175,Home,-0.02050843006497326,1,56,56.45,2020-01-15,0,1
C1736,0.875942813659672,Male,South,Post-Graduate,Salaried,-1.3363724331594207,-0.4032378315621549,Home,-0.5409019832674311,3,19,51.65,2023-06-21,0,1
C1737,-0.3001097291523703,Male,South,Secondary,Salaried,0.6756730427497344,0.18444596158497228,Other,-0.023253139752572153,0,72,27.95,2020-05-18,0,1
C1738,0.5140804927944281,Male,East,Graduate,Salaried,1.5608897125103092,0.2398885132067628,Education,0.5885136413574527,6,116,90.37,2021-12-24,1,1
C1739,1.4187362949575375,Male,South,Graduate,Salaried,-1.0325831002971089,-0.4795851060239517,Education,-1.4833732203759762,7,108,23.32,2020-11-24,1,1
C1740,-1.7475590126133453,Male,West,Secondary,Self-Employed,1.7280854517907303,-0.2701964190891765,Car,0.9460614672226411,4,11,76.23,2021-10-26,0,1
C1741,-1.1142999510991687,Male,West,Secondary,Salaried,2.3108182590219744,0.4481658540116662,Business,2.6028209996728555,3,55,25.36,2021-02-19,0,1
C1742,1.3282707147412267,Male,East,Post-Graduate,Self-Employed,0.6329447715649587,0.31860429492740416,Car,0.6887224357244817,6,62,55.05,2024-09-07,0,1
C1743,-0.4810408895849922,Male,West,Post-Graduate,Salaried,2.3108182590219744,11.475303640901084,Car,5.2760825129451145,7,113,33.16,2021-02-05,0,1
C1744,0.1522181719291844,Male,North,Post-Graduate,Self-Employed,-1.164860560755258,-0.3132303804067021,Business,0.6304594098609122,0,115,30.58,2024-03-26,0,1
C1745,-0.5715064698013032,Male,North,Post-Graduate,Salaried,1.115247459692039,-0.3030318187562171,Other,-0.21600184145473744,4,35,29.44,2018-02-11,1,1
C1746,6.427966085902237e-16,Female,West,Secondary,Salaried,-1.112903677725906,-0.5804951419092509,Other,-0.7472995530634171,6,96,53.96,2023-10-18,0,0
C1747,0.69501165322705,Male,East,Graduate,Self-Employed,0.07501971176641341,0.15832250249173094,Business,0.24088985730504012,5,110,58.66,2020-02-22,0,1
C1748,0.24268375214549534,Male,South,Graduate,Salaried,0.20212235620253086,-0.16423238853474337,Business,-0.7791226517980546,1,17,30.0,2018-12-17,0,1
C1749,-0.5715064698013032,Male,East,Graduate,Salaried,0.2201651998911575,-0.37064026450928733,Education,-1.1162700476861462,7,150,93.45,2020-09-15,1,1
C1750,0.33314933236180627,Male,South,Graduate,Salaried,0.11943393487347988,0.3511963560646354,Education,-0.30796194092537554,4,123,39.33,2022-07-23,1,1
C1751,-1.6570934323970343,Male,West,Graduate,Self-Employed,2.3108182590219744,2.421339514822414,Education,3.47754823350832,0,145,54.41,2023-06-25,0,1
C1752,0.5140804927944281,Male,West,Graduate,Self-Employed,-1.3670807718134426,-0.6095142538008821,Education,-0.5417476947274424,2,119,36.22,2024-03-24,0,1
C1753,-0.5715064698013032,Male,North,Graduate,Salaried,-0.3857965893658598,-0.011837361421764394,Home,0.5055082169186761,6,61,57.04,2020-09-11,0,1
C1754,-1.2047655313154797,Male,South,Secondary,Self-Employed,2.3108182590219744,3.2079641070407683,Home,-2.307613657416913e-15,0,130,76.7,2023-05-05,0,1
C1755,-1.5666278521807235,Male,East,Graduate,Salaried,-1.0357402871658303,-0.3052422374123545,Other,0.342059801828901,2,58,59.08,2023-07-04,0,1
C1756,0.24268375214549534,Female,West,Graduate,Salaried,-1.3670807718134426,-0.5001318525823382,Home,-1.2084515551708357,1,137,41.42,2023-01-10,1,0
C1757,-0.20964414893605934,Male,East,Graduate,Self-Employed,-0.16703769501406066,-0.4604013718226461,Home,0.5203214910658178,1,23,38.63,2018-03-12,0,1
C1758,1.5996674553901595,Male,North,Secondary,Self-Employed,0.6571004868507327,0.2282626117515128,Education,-0.11259588720886647,3,81,76.92,2019-01-17,0,1
C1759,1.3282707147412267,Male,South,Graduate,Unemployed,0.2201651998911575,-0.46867758891134786,Education,1.1571042039890145,6,73,28.87,2021-04-20,0,1
C1760,-0.4810408895849922,Female,South,Secondary,Salaried,-1.0574551555195786,-0.6155357066712592,Business,-2.307613657416913e-15,3,48,47.75,2020-06-26,0,0
C1761,0.42361491257811723,Male,West,Graduate,Self-Employed,-0.8481683397883611,-0.17198205655809384,Education,0.7694439471980865,2,42,31.36,2022-07-15,0,1
C1762,1.5092018751738485,Male,South,Post-Graduate,Self-Employed,-0.04070470899856363,-0.09457131449114609,Business,-0.6015187146856974,2,66,39.35,2020-09-23,0,1
C1763,0.69501165322705,Female,West,Graduate,Unemployed,-1.038646607052589,-0.3286533906978948,Business,-0.9582866757522354,1,26,31.45,2021-06-08,0,0
C1764,-0.9333687906665469,Male,North,Graduate,Salaried,-1.2709870623973445,-0.38782232308101666,Home,-0.3295248957025145,4,77,86.51,2024-07-10,0,1
C1765,6.427966085902237e-16,Male,South,Graduate,Salaried,-0.5559143739706995,-0.010547761273167703,Education,-0.4825595029737659,2,129,74.89,2022-02-20,1,1
C1766,-0.3001097291523703,Male,West,Graduate,Self-Employed,-1.0660860157279297,-0.28614912140589627,Home,0.06486838353249853,2,9,62.07,2023-04-23,0,1
C1767,1.6901330356064703,Female,East,Post-Graduate,Salaried,0.12660303239902548,-0.07833689282436909,Education,-0.20332576644159805,6,58,36.83,2024-03-17,0,0
C1768,0.1522181719291844,Male,West,Graduate,Salaried,1.553468859978086,0.1525828377953566,Home,-0.0033846444739181717,4,90,58.27,2023-12-15,0,1
C1769,0.5140804927944281,Female,South,Graduate,Salaried,2.3108182590219744,0.6025438825236884,Home,2.398525732716106,3,7,59.06,2021-11-09,0,0
C1770,0.42361491257811723,Other,North,Graduate,Self-Employed,0.2201651998911575,-0.1228431818656711,Home,-0.547926484767356,3,42,64.28,2022-10-09,1,2
C1771,-0.3001097291523703,Male,South,Secondary,Unemployed,0.43879433709941984,-0.09565207984792108,Other,-0.5331701562455472,2,146,24.51,2024-03-04,0,1
C1772,6.427966085902237e-16,Male,South,Graduate,Self-Employed,-0.8409767456367041,-0.33537457662169984,Home,0.22455449414285394,6,146,92.97,2021-09-16,0,1
C1773,-0.028712988503437474,Male,West,Graduate,Self-Employed,-0.7958874017401256,-0.267344653026671,Car,-2.307613657416913e-15,3,77,54.91,2021-12-12,1,1
C1774,0.42361491257811723,Male,East,Graduate,Salaried,1.5238293330705204,1.0212243063954096,Car,0.7346330825915736,3,42,89.49,2023-02-02,0,1
C1775,-1.4761622719644125,Male,South,Graduate,Salaried,-0.5880385570295594,-0.153761329942892,Car,-0.1718898720571841,5,129,20.74,2021-01-14,0,1
C1776,-0.9333687906665469,Female,East,Graduate,Salaried,-0.25889937464712526,-0.08305541664204635,Business,0.8047745376353074,6,74,38.57,2021-06-09,0,0
C1777,-1.5666278521807235,Female,West,Secondary,Salaried,1.4027207074559411,0.11389065801809474,Home,1.3716144421088765,3,69,27.8,2020-10-26,0,0
C1778,-0.20964414893605934,Female,East,Graduate,Salaried,-0.58144260545543,-0.5540106782807895,Car,-0.7576366994544974,1,29,77.72,2020-08-02,0,0
C1779,1.4187362949575375,Male,West,Graduate,Salaried,1.9870934003273895,0.18705510029843841,Business,1.3439022860335441,0,20,44.01,2019-05-10,0,1
C1780,0.1522181719291844,Female,North,Graduate,Salaried,0.3373021774372514,0.24867317866316155,Car,-1.1054589166023059,2,19,83.04,2020-02-28,0,0
C1781,1.2378051345249157,Other,East,Secondary,Salaried,0.18197107736556403,-0.3019031060507759,Education,-2.307613657416913e-15,7,135,82.43,2021-07-16,0,2
C1782,-1.1142999510991687,Female,East,Graduate,Salaried,-0.8754843500293588,-0.27492657415363553,Other,-0.5213170589498998,2,41,70.08,2019-05-05,0,0
C1783,-0.11917856871974841,Male,North,Post-Graduate,Salaried,0.2516727662565304,0.04556531910786326,Home,0.8055679939643038,1,129,69.93,2024-01-04,1,1
C1784,1.5092018751738485,Female,East,Secondary,Salaried,-0.7132399035500202,-0.4990356936030966,Other,-1.3635232519170772,7,117,72.51,2020-01-29,1,0
C1785,-1.2952311115317907,Male,North,Graduate,Unemployed,0.19994924872205108,-0.24920247747454696,Other,0.7016765119318256,0,5,70.53,2020-02-24,0,1
C1786,6.427966085902237e-16,Male,South,Secondary,Unemployed,-0.4314932681653786,-0.23961927072036368,Education,-1.3210669809870181,0,75,49.02,2020-06-05,0,1
C1787,1.2378051345249157,Male,West,Graduate,Self-Employed,0.9368738203157498,0.09344478442242835,Education,1.2280653752340265,1,107,71.21,2023-06-07,0,1
C1788,6.427966085902237e-16,Female,North,Graduate,Salaried,-0.3642981400353413,-0.03220475277829848,Education,0.027791468187078026,4,23,87.31,2021-02-06,1,0
C1789,1.5092018751738485,Female,East,Graduate,Self-Employed,2.3108182590219744,1.436668903647678,Business,2.23100974770007,4,56,44.94,2024-08-11,1,0
C1790,1.1473395543086047,Male,North,Graduate,Self-Employed,-0.587371021451154,-0.24245853376611187,Car,-0.11070296213821018,0,122,90.87,2023-11-19,1,1
C1791,0.1522181719291844,Male,East,Post-Graduate,Self-Employed,-0.7938111629556313,-0.18794327010273468,Home,0.0016779164087498662,4,111,21.02,2024-09-10,1,1
C1792,0.061752591712873464,Male,South,Secondary,Salaried,0.046395012102843435,-0.03809532544573761,Education,-0.745975718521505,4,59,46.18,2021-03-05,0,1
C1793,-1.2952311115317907,Male,North,Secondary,Self-Employed,1.1308120538754545,0.8124827939610508,Home,1.5973494956734886,4,18,29.91,2019-02-16,0,1
C1794,-1.2952311115317907,Male,South,Post-Graduate,Self-Employed,1.1168504923065747,-0.10009367905040778,Home,1.3070504996925896,0,17,29.5,2020-03-06,0,1
C1795,-1.4761622719644125,Male,West,Graduate,Self-Employed,-0.15915828871967472,0.005119115198082798,Home,-2.307613657416913e-15,7,88,81.16,2021-04-28,0,1
C1796,0.875942813659672,Female,East,Post-Graduate,Self-Employed,0.037955965232913454,-0.1972092443510065,Education,0.1637299925563704,4,94,88.88,2020-07-20,0,0
C1797,-0.842903210450236,Male,East,Graduate,Salaried,0.039693940603086314,-0.27059681386251117,Education,-0.6474266497420765,7,31,78.33,2022-01-18,0,1
C1798,0.875942813659672,Male,South,Post-Graduate,Salaried,-1.1420768436540234,-0.5764561857289837,Car,-1.1051683144193927,2,93,93.25,2020-01-05,1,1
C1799,0.9664083938759829,Male,West,Graduate,Salaried,1.0353896171417707,0.27954232409121926,Education,1.494578153849971,5,141,36.22,2021-05-23,0,1
C1800,0.33314933236180627,Female,North,Graduate,Self-Employed,0.2201651998911575,-0.28528882208772466,Education,0.6902505630200083,0,45,30.56,2018-02-27,1,0
C1801,-1.023834370882858,Female,North,Post-Graduate,Salaried,0.2201651998911575,-0.29857484887257907,Home,-0.20286075013809052,1,52,59.05,2023-12-28,0,0
C1802,-1.5666278521807235,Female,East,Graduate,Salaried,-0.2773692896894952,0.150794378748796,Car,-0.07614455574234569,4,16,82.18,2019-06-03,0,0
C1803,0.9664083938759829,Male,South,Secondary,Salaried,-0.6248047782825339,-0.12687424623352628,Other,-2.307613657416913e-15,3,142,22.99,2021-01-28,0,1
C1804,1.5092018751738485,Male,South,Graduate,Salaried,0.6610331413017512,0.36032800891269673,Education,0.5386655102864595,0,10,94.67,2018-07-06,0,1
C1805,1.4187362949575375,Male,North,Secondary,Salaried,0.17170972977857463,0.2028474657635661,Education,-0.22412606911084954,6,45,65.17,2018-08-12,0,1
C1806,0.33314933236180627,Female,West,Secondary,Self-Employed,-0.19008448943708825,0.17808963433733271,Other,0.6928889623842379,1,10,93.42,2024-03-16,0,0
C1807,0.9664083938759829,Female,West,Graduate,Self-Employed,-1.1679504427507952,-0.43902052492799076,Home,-1.4209930487890734,5,134,47.38,2021-04-11,1,0
C1808,-1.2952311115317907,Female,North,Graduate,Salaried,-0.30633765491773585,-0.389519429810645,Car,0.4388898911447011,2,19,54.35,2019-06-02,0,0
C1809,-1.6570934323970343,Female,North,Graduate,Salaried,-0.3844625542378828,0.014147050360345291,Home,0.5263916601319912,7,149,76.43,2023-07-04,0,0
C1810,-0.028712988503437474,Female,South,Graduate,Salaried,-0.09780229310048286,0.05077694355340147,Business,-1.134026348547894,7,20,79.45,2019-02-25,1,0
C1811,0.69501165322705,Male,West,Graduate,Unemployed,-0.7140193302425046,-0.3703773111550237,Education,0.19907948447665688,6,89,37.48,2018-02-20,0,1
C1812,-0.842903210450236,Female,North,Secondary,Salaried,0.26976671383522427,-0.043584516863290686,Business,1.0773825573877438,1,14,89.74,2024-06-09,0,0
C1813,-1.4761622719644125,Male,North,Secondary,Salaried,-0.6469245119042226,-0.3534159250937342,Education,-0.9690561529724351,4,142,85.06,2021-03-10,0,1
C1814,-0.4810408895849922,Male,East,Secondary,Salaried,0.1486146490116739,0.3089554760118884,Business,0.23259199257126298,3,142,21.37,2023-04-07,0,1
C1815,-1.2952311115317907,Male,North,Graduate,Self-Employed,0.2201651998911575,-0.17274939766727263,Other,-0.060774859408392966,4,23,29.64,2023-05-15,0,1
C1816,0.875942813659672,Male,North,Secondary,Unemployed,-0.7938265183829931,-0.11712320081769659,Education,-1.277101839089347,1,72,57.21,2022-12-10,0,1
C1817,1.5996674553901595,Male,West,Graduate,Self-Employed,-0.9589675534782564,-0.22021305164472138,Education,0.15247469525858934,0,46,54.57,2021-10-27,0,1
C1818,-1.6570934323970343,Male,South,Graduate,Self-Employed,0.20892828862070748,0.07542424372323606,Business,0.0560815809507383,6,144,73.13,2020-01-26,0,1
C1819,-0.4810408895849922,Male,West,Post-Graduate,Salaried,-1.2672922875668333,-0.4703954116485577,Car,-0.30760541088916166,3,150,26.73,2018-07-30,0,1
C1820,-0.842903210450236,Male,South,Secondary,Salaried,1.1922129317437788,0.10495549753430375,Business,0.3252250757739449,7,88,68.36,2020-10-31,0,1
C1821,-1.1142999510991687,Male,East,Graduate,Salaried,-0.3220185803388048,-0.52945670338099,Education,-0.01454754534675637,6,138,66.23,2023-05-11,1,1
C1822,0.5140804927944281,Male,North,Graduate,Salaried,-0.44361820961867077,-0.47631316977445115,Education,-2.307613657416913e-15,6,57,37.52,2019-04-13,0,1
C1823,-1.3856966917481015,Male,East,Post-Graduate,Salaried,0.3007371307832347,0.2207666287911049,Car,-0.7561422481749959,3,102,60.68,2018-09-25,0,1
C1824,-1.2952311115317907,Male,South,Post-Graduate,Salaried,0.21876101627863231,-0.06067756313223315,Home,-0.6703306355135017,7,46,36.67,2022-06-30,1,1
C1825,0.5140804927944281,Female,West,Secondary,Salaried,-0.32646233001428504,-0.44121839468474044,Car,0.795421632388103,7,34,31.02,2023-07-08,1,0
C1826,-1.4761622719644125,Female,West,Secondary,Unemployed,0.7910888379252495,-0.11581595879774845,Home,-0.23647520042982376,1,13,62.99,2018-10-31,1,0
C1827,-0.11917856871974841,Female,East,Post-Graduate,Self-Employed,-0.8922306831021435,-0.17187182353879213,Education,-0.8940301260115516,5,38,93.31,2024-06-21,1,0
C1828,-0.028712988503437474,Female,South,Graduate,Self-Employed,0.5347676451645875,-0.07002947554706157,Other,-0.6128389168183642,5,92,37.77,2025-01-22,0,0
C1829,1.1473395543086047,Male,East,Graduate,Self-Employed,-1.1424896271423386,-0.30607980188721123,Other,0.5387872657160232,4,149,46.65,2018-08-08,0,1
C1830,-0.028712988503437474,Female,East,Graduate,Salaried,0.2201651998911575,-0.2069305119397699,Business,-0.10137082818830655,1,54,39.24,2019-09-14,0,0
C1831,-0.752437630233925,Male,North,Graduate,Self-Employed,-0.6314774699924439,-0.27497569150937434,Car,-0.3736354685987416,3,80,39.98,2019-09-04,0,1
C1832,-1.7475590126133453,Male,East,Post-Graduate,Salaried,-1.262461026106383,-0.6517909223052653,Car,0.5064342272049345,1,50,50.31,2024-04-24,0,1
C1833,0.5140804927944281,Female,North,Post-Graduate,Self-Employed,-0.05869176060219987,-0.10474085537796472,Other,0.953532229688496,3,50,72.64,2021-05-29,0,0
C1834,-0.5715064698013032,Male,North,Graduate,Salaried,-0.3668925782420171,-0.12680434404626037,Home,0.43261255273064975,6,130,22.91,2018-12-15,0,1
C1835,1.5996674553901595,Female,West,Graduate,Unemployed,0.2201651998911575,-0.2687362732037454,Car,-0.4261385784276152,4,21,91.78,2020-10-13,0,0
C1836,1.5092018751738485,Female,North,Post-Graduate,Salaried,-1.3670807718134426,-0.575580699260182,Home,-1.3972589891248102,0,70,23.47,2019-05-01,0,0
C1837,-0.842903210450236,Female,North,Secondary,Salaried,0.2201651998911575,0.09408223180522074,Home,-0.5885224535472695,6,108,86.09,2024-04-04,0,0
C1838,6.427966085902237e-16,Female,West,Secondary,Unemployed,2.263493904922081,0.9044964860677951,Home,0.5923909460972353,7,9,87.08,2022-09-01,0,0
C1839,-0.661972050017614,Male,East,Post-Graduate,Salaried,0.01639191307658108,0.12352823568918635,Home,0.39784213794742984,0,127,59.34,2024-10-19,0,1
C1840,-1.5666278521807235,Male,South,Graduate,Self-Employed,-0.8894193448588507,-0.46714607259448115,Business,-0.1011749421200773,1,129,30.27,2024-09-07,1,1
C1841,1.1473395543086047,Male,South,Secondary,Self-Employed,1.1380175974153417,0.33199975178553004,Business,-0.7134584774358941,3,116,62.39,2024-12-08,1,1
C1842,-1.2952311115317907,Male,South,Secondary,Self-Employed,0.8376044605170666,0.6899863569973413,Other,1.103307776347711,0,20,67.15,2020-07-13,0,1
C1843,-0.9333687906665469,Female,East,Post-Graduate,Unemployed,0.2201651998911575,0.31463714506356033,Business,-0.5885224535472695,6,85,84.33,2023-11-11,1,0
C1844,6.427966085902237e-16,Female,North,Graduate,Unemployed,0.49319476813597213,0.49316863899547136,Car,0.1199417029370923,3,95,61.32,2022-04-08,0,0
C1845,0.24268375214549534,Female,South,Graduate,Salaried,0.802866450711922,0.02065150967991659,Business,0.5806129351054438,4,139,50.8,2023-01-20,0,0
C1846,-0.9333687906665469,Male,East,Secondary,Salaried,0.5625186765128025,0.3595775296701541,Car,-0.012018465206929976,6,140,82.87,2022-12-19,0,1
C1847,-1.6570934323970343,Male,North,Post-Graduate,Self-Employed,-0.7508194444387648,-0.2742054139118562,Car,0.061141365069140495,7,76,93.57,2021-05-02,0,1
C1848,-0.661972050017614,Male,West,Post-Graduate,Self-Employed,-1.3670807718134426,-0.6537787872631204,Home,-0.4500780837710072,1,100,68.38,2024-08-07,1,1
C1849,-1.6570934323970343,Male,South,Graduate,Salaried,-0.7838081565586217,-0.18278113007397778,Other,-0.7043615866062045,3,115,85.58,2022-10-23,0,1
C1850,-0.028712988503437474,Female,North,Graduate,Self-Employed,1.1798978419984063,0.48114399454157775,Home,-0.5732908761381476,1,86,64.91,2021-06-04,1,0
C1851,-1.7475590126133453,Male,South,Secondary,Unemployed,0.2201651998911575,-0.29983457942884895,Home,-0.8726942350066647,3,42,71.73,2024-05-18,0,1
C1852,6.427966085902237e-16,Male,South,Post-Graduate,Unemployed,-0.4720568311034367,-0.5109392996782522,Business,-1.420060770485236,6,58,71.61,2024-12-18,1,1
C1853,-1.023834370882858,Male,South,Graduate,Salaried,-1.189279131356646,-0.35272715798894844,Business,-1.00409575150544,5,80,72.86,2018-09-04,1,1
C1854,-0.3001097291523703,Female,North,Post-Graduate,Salaried,-0.8060023732532736,-0.562671690048523,Car,-1.6275111074203985,5,19,44.08,2024-11-02,0,0
C1855,-1.023834370882858,Female,East,Graduate,Salaried,-0.34198100591973346,-0.4831725541807273,Business,0.220267494886145,3,120,63.17,2019-02-11,0,0
C1856,-0.842903210450236,Male,North,Post-Graduate,Self-Employed,0.22996433608196515,-0.09626642532635617,Business,-0.17826228623011567,4,13,64.56,2020-05-01,0,1
C1857,-0.4810408895849922,Male,South,Post-Graduate,Self-Employed,-0.7363249940388781,-0.5227547193379666,Education,0.22988631996724446,1,12,43.63,2025-01-06,1,1
C1858,0.33314933236180627,Male,North,Graduate,Salaried,-0.7893266751463541,-0.14002134041382477,Car,0.3893076961459919,7,114,46.24,2020-05-14,0,1
C1859,1.5996674553901595,Male,West,Post-Graduate,Salaried,0.7328857740563539,0.09191904931697965,Car,-2.307613657416913e-15,2,55,77.17,2020-12-19,0,1
C1860,6.427966085902237e-16,Female,East,Graduate,Salaried,0.021445069712670087,-0.04119504124239784,Education,-0.6351374218346313,3,35,63.7,2018-11-29,0,0
C1861,0.875942813659672,Female,North,Secondary,Salaried,0.17338990954021818,0.3190171009522356,Car,0.5885306754259522,3,106,31.19,2019-10-06,0,0
C1862,0.9664083938759829,Male,West,Graduate,Unemployed,2.0509448193975435,0.5795177992129616,Other,1.8996719133966433,5,7,82.82,2020-09-09,0,1
C1863,6.427966085902237e-16,Male,East,Graduate,Self-Employed,-0.7717565141453393,-0.4173882871019082,Other,-0.577284658831552,0,103,86.23,2019-12-13,0,1
C1864,-0.5715064698013032,Other,West,Graduate,Salaried,0.2201651998911575,0.225889217992541,Education,0.6496545942400948,6,87,54.96,2024-03-10,1,2
C1865,-0.842903210450236,Male,East,Secondary,Salaried,0.3076579883999327,-0.06020602734061455,Business,-1.0372767204422157,5,47,35.67,2018-11-04,0,1
C1866,-1.023834370882858,Female,North,Graduate,Salaried,-1.021881440455642,-0.495942447257309,Other,0.5511217824862389,1,33,91.07,2019-10-04,0,0
C1867,1.2378051345249157,Male,West,Graduate,Unemployed,-0.09007122393451694,0.038984946976456575,Education,-2.307613657416913e-15,5,14,86.17,2018-01-11,0,1
C1868,-0.752437630233925,Male,South,Graduate,Salaried,-0.3107381873904239,0.005647728981797698,Other,0.639938503617471,2,144,38.33,2022-08-01,0,1
C1869,1.3282707147412267,Male,West,Graduate,Salaried,2.3108182590219744,2.720539619374675,Home,1.6872650360108792,4,50,27.17,2023-01-20,1,1
C1870,1.3282707147412267,Male,East,Graduate,Salaried,-0.2308070828011752,0.1645839674012202,Education,-0.13690205774195185,6,34,53.05,2024-08-29,0,1
C1871,-1.7475590126133453,Other,North,Secondary,Self-Employed,1.2762838225487991,0.656706721703712,Car,0.6056965022022767,2,98,70.73,2023-04-09,0,2
C1872,0.1522181719291844,Male,East,Graduate,Self-Employed,0.7136084225419503,0.40448976528305736,Other,0.8662086282889879,4,36,33.15,2021-04-07,0,1
C1873,0.785477233443361,Male,West,Graduate,Self-Employed,-1.184433365492519,-0.343327160577563,Car,-0.9613731547817969,2,51,58.49,2018-05-14,1,1
C1874,-1.1142999510991687,Male,West,Secondary,Salaried,-1.3670807718134426,-0.6718080456620701,Education,-0.17011940066675468,7,92,51.91,2020-08-06,1,1
C1875,-0.842903210450236,Male,South,Post-Graduate,Salaried,-0.06969531184570728,-0.23116569432422768,Other,0.014995894880238864,6,67,86.79,2021-03-26,0,1
C1876,1.5092018751738485,Male,North,Post-Graduate,Salaried,1.4703456765490257,0.6716277071954501,Car,0.9141409219245465,5,135,52.22,2021-03-04,0,1
C1877,-0.5715064698013032,Male,North,Graduate,Self-Employed,-0.02254808167540909,-0.03186230776703583,Business,0.6040306385041987,2,27,60.03,2023-02-03,0,1
C1878,0.875942813659672,Female,West,Post-Graduate,Salaried,-0.25277385416572035,-0.40848054148972296,Business,-0.5119061826592788,5,78,91.65,2018-10-19,0,0
C1879,1.3282707147412267,Male,North,Post-Graduate,Self-Employed,-0.5946561542061151,-0.4008329852601107,Home,-0.6822437011742312,6,54,42.48,2020-08-14,0,1
C1880,0.061752591712873464,Male,South,Post-Graduate,Unemployed,-1.2686680598564108,-0.5498290500615967,Education,-1.4448963124512133,5,128,41.67,2020-12-19,1,1
C1881,1.5092018751738485,Female,East,Secondary,Unemployed,-1.0754033930429674,-0.40996938696040836,Car,-0.4060743107494448,1,17,79.97,2025-01-04,1,0
C1882,-1.3856966917481015,Male,North,Post-Graduate,Salaried,-1.3670807718134426,-0.4463378868086312,Home,-0.42711322028479787,5,130,40.82,2024-08-12,1,1
C1883,-0.11917856871974841,Other,West,Graduate,Salaried,0.2201651998911575,0.3448214004690929,Education,0.6496545942400948,0,33,82.39,2020-03-21,0,2
C1884,-0.5715064698013032,Male,East,Graduate,Salaried,-0.7874435817373531,-0.22158184521322025,Business,0.024770397382415224,2,125,27.17,2022-10-08,0,1
C1885,0.5140804927944281,Female,East,Secondary,Self-Employed,0.6301520818406788,0.4455398993141943,Car,-0.8145540176681756,6,94,28.34,2019-04-16,0,0
C1886,-1.4761622719644125,Female,South,Graduate,Self-Employed,0.2201651998911575,-0.061526231203623195,Other,0.9947203288693602,3,137,87.6,2024-02-09,0,0
C1887,0.42361491257811723,Female,West,Secondary,Salaried,-0.059856812027134894,-0.20743815736143661,Business,0.8109350408512097,3,82,60.56,2020-07-09,0,0
C1888,0.42361491257811723,Other,North,Secondary,Salaried,-0.193272831172891,-0.24120109734135706,Other,0.1840401070218008,3,113,73.91,2019-09-03,0,2
C1889,-0.20964414893605934,Male,West,Graduate,Self-Employed,0.23844216003111288,0.07318124839958398,Other,-0.17454168192982483,6,18,36.9,2020-12-24,0,1
C1890,-1.1142999510991687,Other,East,Post-Graduate,Unemployed,-1.1181119056778364,-0.5932659755797538,Car,-1.6021005966294004,0,140,32.47,2019-08-06,0,2
C1891,1.6901330356064703,Male,West,Post-Graduate,Salaried,0.2201651998911575,0.03461155230391449,Car,-1.1568660164660598,5,52,82.62,2018-10-20,0,1
C1892,-0.5715064698013032,Male,North,Graduate,Self-Employed,-1.3077427013557998,-0.4576569481737332,Other,-1.8274084506953445,2,145,46.9,2018-09-02,0,1
C1893,1.0568739740922939,Male,North,Post-Graduate,Salaried,-0.727912698913485,-0.36129938686704666,Home,0.294472119253124,4,28,54.13,2019-11-11,0,1
C1894,6.427966085902237e-16,Male,South,Post-Graduate,Salaried,-0.3536419174584543,0.08837099139831885,Other,-2.307613657416913e-15,4,83,22.1,2021-06-13,0,1
C1895,1.1473395543086047,Male,North,Post-Graduate,Unemployed,0.6060580472715615,0.19501454370753177,Other,-0.987511876060772,6,55,48.94,2024-09-03,0,1
C1896,0.24268375214549534,Male,North,Secondary,Self-Employed,1.721004083706812,0.02763360718093679,Car,1.2068275129748778,1,7,77.78,2024-05-20,0,1
C1897,-0.4810408895849922,Male,West,Graduate,Self-Employed,0.2201651998911575,-0.053511430401069746,Education,-0.34494664086778803,0,132,81.6,2021-03-28,1,1
C1898,1.1473395543086047,Female,West,Post-Graduate,Salaried,0.2201651998911575,0.11889626945357468,Business,0.6902505630200083,2,123,72.41,2022-12-04,1,0
C1899,0.42361491257811723,Female,East,Graduate,Self-Employed,-0.9954942670654129,-0.48734328527522325,Car,-1.2844144396608355,5,62,71.91,2019-05-25,0,0
C1900,-0.3001097291523703,Male,South,Graduate,Salaried,0.2201651998911575,-0.4046526224675321,Home,1.116508235209101,3,129,57.97,2023-04-04,0,1
C1901,1.1473395543086047,Male,West,Graduate,Salaried,1.0259373710731559,0.3128823179850115,Business,0.35374278577697194,0,117,60.37,2021-05-30,0,1
C1902,-1.6570934323970343,Male,North,Graduate,Salaried,-1.3670807718134426,-0.5367535327845702,Car,-1.8795551417570457,0,59,75.7,2022-07-07,0,1
C1903,-0.5715064698013032,Male,East,Graduate,Salaried,-0.5395490775026717,-0.27966487338497326,Car,-1.307594737834165,2,123,38.55,2021-01-20,0,1
C1904,1.6901330356064703,Male,West,Secondary,Salaried,0.3771768552027164,0.39403251736292694,Education,-0.9864694690128267,6,124,37.36,2023-08-12,0,1
C1905,6.427966085902237e-16,Male,South,Graduate,Self-Employed,-0.7795271004111193,-0.17534027509387826,Home,-0.2153311635737196,5,84,91.24,2024-01-21,0,1
C1906,-1.2952311115317907,Male,South,Post-Graduate,Salaried,-1.1464411891195785,-0.5895039210733621,Home,-0.27486630471497453,7,46,22.08,2023-07-16,0,1
C1907,-1.5666278521807235,Other,East,Post-Graduate,Salaried,2.3108182590219744,1.4746797951888935,Car,2.3557079952800293,7,25,30.46,2022-11-29,1,2
C1908,-1.2047655313154797,Male,East,Secondary,Salaried,-0.21902824898051995,-0.21756906507354062,Education,-0.8827581843665689,6,14,62.77,2018-11-26,0,1
C1909,-1.1142999510991687,Male,East,Post-Graduate,Salaried,-0.1898654063397136,-0.34374416486306714,Car,0.3073234064675182,6,61,75.34,2024-09-15,0,1
C1910,-0.4810408895849922,Male,East,Graduate,Self-Employed,-1.261448381923145,-0.4333176581011191,Other,-0.6298084864432194,1,60,60.34,2018-06-13,1,1
C1911,0.785477233443361,Male,East,Graduate,Self-Employed,-0.8502775834914266,-0.25047828989273785,Other,-1.3221741142475831,6,42,46.63,2022-11-05,1,1
C1912,1.1473395543086047,Male,North,Post-Graduate,Salaried,-1.037988913748107,-0.5567657008173023,Education,0.0569011810836276,5,90,93.35,2021-08-13,0,1
C1913,0.875942813659672,Female,North,Post-Graduate,Salaried,1.1328002672100832,0.7525952707634467,Car,1.1313684082190496,1,117,72.79,2024-10-08,1,0
C1914,1.6901330356064703,Male,West,Post-Graduate,Self-Employed,0.24576551484984493,0.19578624366658928,Education,0.09254606551114518,7,116,82.35,2020-10-22,0,1
C1915,0.6045460730107391,Male,South,Graduate,Self-Employed,-0.8202365954106613,-0.1446701226334423,Car,0.01037875296702327,1,58,23.02,2018-04-16,0,1
C1916,1.4187362949575375,Male,North,Post-Graduate,Salaried,0.3202753765586736,-0.17177820003165992,Car,0.8965691029836479,3,50,37.69,2019-01-10,0,1
C1917,6.427966085902237e-16,Female,North,Secondary,Salaried,-0.5684213140555231,-0.022518447753825527,Other,-0.7519221348364493,3,8,48.06,2020-07-26,0,0
C1918,1.5996674553901595,Female,North,Graduate,Self-Employed,-0.08392124577242223,-0.23018782076590596,Business,0.11024257902974585,7,66,33.7,2024-06-14,0,0
C1919,1.1473395543086047,Male,West,Graduate,Salaried,-0.08926504549749578,-0.4717957265840745,Home,-0.4807441649186415,2,128,25.47,2024-08-01,0,1
C1920,1.5092018751738485,Female,East,Graduate,Salaried,0.13749643157685393,0.16213188493127964,Home,0.16681866376824747,7,132,36.88,2018-03-26,0,0
C1921,0.6045460730107391,Male,West,Graduate,Self-Employed,-0.008821291640534037,0.05526961012341471,Education,-0.5875262585505122,5,116,60.02,2021-01-08,0,1
C1922,1.1473395543086047,Male,South,Post-Graduate,Self-Employed,0.2201651998911575,0.05079600778629215,Home,-1.0756740789062327,6,89,72.18,2024-06-18,0,1
C1923,-1.4761622719644125,Male,South,Secondary,Self-Employed,1.4673143301826133,0.3378106033828186,Other,1.3593662323682905,1,8,78.05,2018-06-14,1,1
C1924,0.1522181719291844,Male,South,Secondary,Self-Employed,0.43112713171086764,-0.41768982774825614,Business,0.27538436564604485,2,69,23.22,2019-12-19,0,1
C1925,-1.6570934323970343,Male,South,Graduate,Self-Employed,0.2201651998911575,0.07424756072781372,Car,-0.4667345472075288,1,66,52.1,2023-04-12,0,1
C1926,-0.9333687906665469,Male,North,Graduate,Salaried,-0.42784618766226395,-0.28917262615362405,Car,-0.36546114551715697,0,94,29.17,2023-10-27,0,1
C1927,-1.3856966917481015,Other,North,Post-Graduate,Salaried,1.4167760666353335,0.4154269913987822,Other,-0.32724786781364745,4,124,52.34,2022-12-17,0,2
C1928,-0.9333687906665469,Female,West,Graduate,Salaried,-0.21756563527402983,-0.22154965854806308,Home,-1.3083739693357008,4,134,52.55,2021-02-13,0,0
C1929,6.427966085902237e-16,Female,East,Secondary,Salaried,2.3108182590219744,11.334976777916841,Car,5.2760825129451145,1,141,57.37,2020-01-14,0,0
C1930,1.5996674553901595,Male,South,Post-Graduate,Self-Employed,-0.8635502598877131,-0.32169097684527437,Home,-0.8814433458913374,2,49,86.96,2024-07-25,1,1
C1931,-0.661972050017614,Female,West,Graduate,Unemployed,-0.039819866372213124,0.07907560638402313,Other,-2.307613657416913e-15,7,150,80.38,2022-11-21,0,0
C1932,0.9664083938759829,Male,North,Secondary,Unemployed,-1.0115756176308477,-0.2335850395374475,Car,-0.8449162948238486,3,116,67.75,2025-02-13,0,1
C1933,1.4187362949575375,Female,North,Graduate,Self-Employed,1.52531999355759,0.49433371368542744,Education,0.5323074346096989,5,46,86.41,2023-07-08,0,0
C1934,0.33314933236180627,Male,East,Graduate,Salaried,-1.1198020017154633,-0.6362140446133532,Business,-1.4607564267260862,1,45,70.89,2019-01-09,0,1
C1935,-0.4810408895849922,Female,East,Graduate,Salaried,1.9366399431403831,-0.2097595431589606,Home,1.8292097339611615,1,93,81.41,2023-04-10,0,0
C1936,0.785477233443361,Male,East,Graduate,Self-Employed,-0.5956292072874803,-0.17174477453548453,Home,-2.307613657416913e-15,5,46,62.28,2021-11-26,1,1
C1937,-1.1142999510991687,Male,West,Post-Graduate,Self-Employed,-1.1414521552681125,-0.5395965123233727,Home,-2.307613657416913e-15,7,39,59.39,2022-07-31,1,1
C1938,-1.3856966917481015,Female,North,Post-Graduate,Self-Employed,-0.13458368477567031,-0.08594021819836975,Home,-2.307613657416913e-15,6,71,74.31,2021-09-27,0,0
C1939,0.785477233443361,Male,North,Graduate,Self-Employed,-1.071005043631037,-0.5541515379558181,Other,-2.307613657416913e-15,3,45,21.48,2021-08-08,0,1
C1940,-1.4761622719644125,Male,East,Secondary,Self-Employed,-0.29843353193545114,-0.35359509676506534,Other,-0.28836871879182446,1,103,71.78,2019-03-05,1,1
C1941,-0.752437630233925,Other,South,Post-Graduate,Salaried,-0.8253013703701033,-0.35707765722896945,Other,0.759181432436011,0,54,90.09,2019-10-21,0,2
C1942,-1.6570934323970343,Male,East,Graduate,Salaried,0.9002839829717749,0.7138451641654276,Other,1.4758812419919192,3,108,73.55,2021-09-12,0,1
C1943,0.6045460730107391,Female,West,Graduate,Self-Employed,-0.19164249179837178,-0.07854634703169991,Car,-0.5053758664061794,0,90,22.76,2022-08-14,1,0
C1944,0.9664083938759829,Male,East,Graduate,Unemployed,-1.201109359607677,-0.3231780558346931,Other,-0.014686367321597352,4,83,48.34,2023-07-23,0,1
C1945,1.4187362949575375,Male,East,Post-Graduate,Salaried,-0.8393435571828911,-0.14107115793646074,Car,-1.236183635747644,5,49,80.72,2021-03-26,0,1
C1946,1.4187362949575375,Male,West,Graduate,Self-Employed,0.5238813871855084,-0.2305808284357619,Education,1.351287991825612,3,110,91.9,2022-06-29,0,1
C1947,0.5140804927944281,Male,East,Secondary,Salaried,1.5299555195704613,0.11288222662799155,Other,-0.27757757956268675,6,149,47.76,2024-03-03,0,1
C1948,0.6045460730107391,Female,North,Graduate,Unemployed,-0.3774529311507232,-0.04327301968616704,Education,-1.3176486542702608,3,126,83.09,2018-05-31,0,0
C1949,-1.3856966917481015,Male,South,Post-Graduate,Salaried,-1.1234940014687407,-0.31281516554377975,Other,-1.6653565531699852,2,81,84.79,2023-02-06,1,1
C1950,-0.028712988503437474,Male,East,Secondary,Self-Employed,1.0881871265668763,0.25695258459466924,Education,0.34046593914105255,2,60,29.25,2018-12-27,0,1
C1951,-0.842903210450236,Male,West,Post-Graduate,Salaried,0.5174615605131695,0.544908095290809,Business,1.1048947539592548,5,116,83.43,2021-07-12,0,1
C1952,-0.9333687906665469,Male,South,Graduate,Self-Employed,1.5694430185602246,-0.2913471416515497,Education,1.4447827163464548,6,97,44.32,2020-10-30,0,1
C1953,1.5996674553901595,Female,West,Graduate,Salaried,-0.019871797190842224,-0.26788040155939796,Car,-0.6532698711043821,3,45,64.49,2021-08-17,0,0
C1954,-1.2952311115317907,Other,South,Graduate,Salaried,-0.7834058443617365,-0.2841112902636417,Home,-1.333422542707446,7,10,60.42,2019-04-20,0,2
C1955,-1.1142999510991687,Male,South,Secondary,Salaried,0.261914503297732,-0.049768876012556626,Education,0.28231512053518903,4,102,69.73,2022-07-14,1,1
C1956,0.24268375214549534,Female,East,Post-Graduate,Unemployed,0.022709986917002913,-0.40522172767248893,Home,1.0095544392673512,6,77,75.53,2023-10-09,0,0
C1957,0.5140804927944281,Female,North,Graduate,Salaried,-0.8233663645163097,-0.4236125870808525,Business,-1.0667879599467733,1,45,53.07,2018-01-05,0,0
C1958,-0.752437630233925,Male,East,Post-Graduate,Salaried,-0.12410821222929769,-0.49822829695766374,Business,-0.1712677956699864,5,13,86.62,2024-02-01,0,1
C1959,6.427966085902237e-16,Other,West,Graduate,Self-Employed,0.2201651998911575,0.09019647772753348,Car,0.3248868440007861,7,12,80.71,2023-03-08,1,2
C1960,-0.661972050017614,Male,West,Secondary,Salaried,0.5810711038515998,0.4745043879344507,Car,0.9907247461146141,6,108,78.91,2022-08-20,0,1
C1961,-0.20964414893605934,Male,South,Secondary,Unemployed,0.2201651998911575,0.3029755928045654,Education,-0.5073305159874424,5,17,54.37,2018-08-11,0,1
C1962,0.42361491257811723,Female,South,Graduate,Salaried,-1.1275168274293526,-0.37772564381111834,Other,0.01761068122935117,6,23,22.82,2020-02-08,0,0
C1963,1.1473395543086047,Male,North,Post-Graduate,Self-Employed,-1.1822508227494435,-0.48223129496138695,Business,0.4807415744309153,2,102,56.92,2023-10-25,0,1
C1964,-0.752437630233925,Female,East,Graduate,Salaried,-0.420152785544622,-0.22604413748197336,Home,-0.9507263423408653,4,100,87.38,2022-01-21,1,0
C1965,1.4187362949575375,Female,West,Graduate,Salaried,-0.3000070747292458,-0.4453165165167827,Other,-1.0197867267359895,5,53,34.28,2024-12-25,0,0
C1966,-1.4761622719644125,Male,South,Graduate,Self-Employed,0.6073157862761153,-0.07783629038645377,Business,1.103732491373085,4,104,93.69,2023-08-04,0,1
C1967,-1.3856966917481015,Female,North,Graduate,Self-Employed,0.2571796295198795,-0.30249269785016286,Education,0.46291901854844375,5,86,80.58,2025-01-05,1,0
C1968,1.5092018751738485,Male,West,Graduate,Self-Employed,1.8933909564634013,0.9656687917378143,Business,-0.1586751372534958,2,70,73.24,2022-12-16,1,1
C1969,-1.1142999510991687,Male,South,Post-Graduate,Salaried,-0.7429066262144798,-0.11792275153334761,Car,0.28789183748164904,1,95,70.79,2018-07-31,0,1
C1970,0.69501165322705,Female,West,Graduate,Salaried,-0.7861598680098878,-0.3285919538559197,Home,-2.307613657416913e-15,7,63,64.03,2020-04-13,0,0
C1971,0.9664083938759829,Female,North,Graduate,Salaried,-1.0749886855011035,-0.3463396534940182,Home,-1.4410895147900078,2,57,74.05,2020-12-29,0,0
C1972,-1.023834370882858,Male,North,Secondary,Unemployed,0.589875942902014,-0.3053476298141593,Car,1.0554828184536078,5,56,51.64,2024-02-28,0,1
C1973,0.785477233443361,Male,West,Post-Graduate,Salaried,-0.31118564084365025,-0.12604553710631783,Other,0.31497438255798016,4,85,83.4,2019-06-21,1,1
C1974,-0.5715064698013032,Female,East,Secondary,Salaried,-1.3670807718134426,-0.5159853566523439,Car,-1.7853402122732716,0,19,72.23,2021-03-25,1,0
C1975,6.427966085902237e-16,Female,West,Secondary,Salaried,-0.1201900621819563,-0.1762866502264973,Home,0.05372956418834163,2,125,77.84,2022-11-30,0,0
C1976,-0.842903210450236,Female,South,Graduate,Self-Employed,-0.0479763363776521,-0.31837274502179863,Education,0.8364469278954447,4,9,79.44,2023-06-09,0,0
C1977,0.24268375214549534,Male,East,Graduate,Salaried,-0.47103504766584076,-0.014929208347327763,Other,-0.3235211903564277,6,139,26.91,2019-05-13,0,1
C1978,6.427966085902237e-16,Male,South,Graduate,Unemployed,-0.012334835427144074,0.08513124181397547,Business,0.08076526151670131,6,22,24.17,2018-04-29,0,1
C1979,1.5092018751738485,Male,West,Graduate,Salaried,-1.2173909967473542,-0.3433513177824173,Education,-1.2194128564627118,2,60,80.07,2025-01-24,1,1
C1980,0.061752591712873464,Female,East,Post-Graduate,Unemployed,2.3108182590219744,1.1438685542526388,Other,0.535603470030104,5,79,39.45,2024-10-29,0,0
C1981,0.5140804927944281,Male,South,Secondary,Salaried,0.08788345278148273,0.33054793359749873,Home,-0.9104498313584752,6,100,63.65,2020-09-07,0,1
C1982,1.4187362949575375,Male,West,Post-Graduate,Self-Employed,-1.3670807718134426,-0.6342373750172918,Home,-0.8184655529288319,4,118,53.28,2019-10-11,0,1
C1983,6.427966085902237e-16,Other,West,Graduate,Unemployed,-0.3388178618852161,-0.4857627663091935,Education,-1.2803951626990346,7,105,21.65,2021-06-26,1,2
C1984,-1.7475590126133453,Male,East,Graduate,Salaried,0.12057460261978428,-0.20332198071437033,Other,-1.0990827351234713,1,32,23.02,2024-03-06,0,1
C1985,-0.4810408895849922,Male,West,Graduate,Unemployed,-1.1611751101842533,-0.598856521727645,Business,0.023137286511949774,4,54,82.03,2018-02-26,1,1
C1986,0.061752591712873464,Female,North,Graduate,Salaried,0.2841528252198916,0.005466836711830202,Business,0.04849888727976252,6,6,65.58,2024-03-12,1,0
C1987,-1.023834370882858,Female,South,Post-Graduate,Unemployed,0.2201651998911575,0.08165719257799245,Car,-0.04047687501843617,6,72,59.29,2022-07-30,0,0
C1988,-1.023834370882858,Male,South,Graduate,Self-Employed,-0.8728203498866818,-0.33711577655904884,Education,-1.2711733499542155,3,132,90.83,2019-01-17,0,1
C1989,-0.9333687906665469,Male,West,Graduate,Salaried,0.14776469835641368,-0.2627839195746039,Other,-0.9044681452658535,0,81,32.98,2020-07-09,0,1
C1990,0.5140804927944281,Female,West,Graduate,Salaried,0.2201651998911575,0.3240224829745641,Education,-0.8726942350066647,5,28,39.35,2019-04-10,0,0
C1991,1.3282707147412267,Female,North,Post-Graduate,Salaried,0.9393818241168409,-0.3611843591128784,Business,-0.41497068997013786,4,116,76.76,2023-03-06,1,0
C1992,0.42361491257811723,Female,East,Graduate,Salaried,-0.4380822265448783,-0.33565586008676923,Other,0.2795821349633769,6,123,78.14,2019-04-27,0,0
C1993,0.5140804927944281,Male,West,Post-Graduate,Salaried,-1.1359219813559966,-0.37367572168220886,Home,-1.6708107352442787,5,40,50.37,2019-09-23,0,1
C1994,-0.842903210450236,Female,West,Graduate,Salaried,0.8326243069127492,0.45001223987898387,Home,0.4109907013220055,2,6,91.32,2023-08-04,0,0
C1995,1.5996674553901595,Female,West,Secondary,Salaried,-1.1024753444914834,-0.477718807095083,Other,-0.5194451138759095,2,131,90.37,2021-04-10,0,0
C1996,-1.6570934323970343,Female,West,Secondary,Self-Employed,2.3108182590219744,-0.1300919492140092,Education,2.3081721456371893,4,109,20.93,2023-09-16,0,0
C1997,-1.2047655313154797,Female,South,Graduate,Salaried,0.32063983670208546,0.10404860440505997,Education,-2.307613657416913e-15,3,22,32.92,2021-01-24,0,0
C1998,6.427966085902237e-16,Female,West,Secondary,Salaried,-0.8406728561790552,-0.575641539627963,Home,-0.7902113594783502,6,12,81.52,2022-08-29,0,0
C1999,0.6045460730107391,Female,South,Secondary,Self-Employed,1.1866917860829311,-0.22122506187998817,Home,0.09952422025343574,4,19,45.14,2023-05-31,0,0
